date,x,y,cluster_id
2019-01-01,6.964641,4.9675956,1
2019-01-02,5.1231728,5.861797,1
2019-01-03,6.0423713,3.318822,1
2019-01-04,6.807307,4.7899837,1
2019-01-05,6.7684274,4.7188277,1
2019-01-06,3.5629354,7.906493,0
2019-01-07,6.7240324,4.6590548,1
2019-01-08,6.729679,4.763188,1
2019-01-09,6.722294,4.729304,1
2019-01-10,2.3958657,1.1875737,2
2019-01-11,5.9967785,4.338975,1
2019-01-12,5.9965997,4.316571,1
2019-01-13,4.9144998,2.1051605,1
2019-01-14,2.716115,6.3369284,0
2019-01-15,4.658856,2.4031353,1
2019-01-16,6.01667,4.3210144,1
2019-01-17,8.098915,2.2846384,1
2019-01-18,8.223439,2.0669155,1
2019-01-19,7.989258,3.1464636,1
2019-01-20,5.4911294,1.8179233,1
2019-01-21,8.418595,2.0267227,1
2019-01-22,8.530967,1.9935732,1
2019-01-23,8.474045,1.9971595,1
2019-01-24,8.505389,1.9866176,1
2019-01-25,8.468251,1.9733008,1
2019-01-26,8.556023,1.9840014,1
2019-01-27,8.962021,2.115286,1
2019-01-28,5.871899,1.4961331,1
2019-01-29,8.773779,1.9776633,1
2019-01-30,8.638132,1.9386561,1
2019-01-31,8.802951,1.988361,1
2019-02-01,8.65252,1.9761856,1
2019-02-02,8.648339,1.9730067,1
2019-02-03,8.783423,1.9658136,1
2019-02-04,8.971093,2.0548189,1
2019-02-05,9.093123,2.142212,1
2019-02-06,8.953545,2.0477633,1
2019-02-07,9.010181,2.0572357,1
2019-02-08,3.2888916,7.994889,0
2019-02-09,6.5638533,4.682124,1
2019-02-10,6.6242423,4.6904583,1
2019-02-11,6.6069436,4.6345606,1
2019-02-12,6.5734262,4.6638637,1
2019-02-13,6.667089,4.5826535,1
2019-02-14,6.6226516,4.633551,1
2019-02-15,9.563835,4.107473,1
2019-02-16,9.602359,4.095544,1
2019-02-17,9.366081,4.356473,1
2019-02-18,3.4620175,7.955764,0
2019-02-19,8.355724,4.982252,1
2019-02-20,8.463022,4.961952,1
2019-02-21,6.7597675,4.647755,1
2019-02-22,8.368559,4.9431634,1
2019-02-23,4.9426656,7.322038,1
2019-02-24,2.418562,1.2295562,2
2019-02-25,5.8541546,5.261522,1
2019-02-26,6.0784497,4.365652,1
2019-02-27,6.122656,4.3991256,1
2019-02-28,6.133122,4.405281,1
2019-03-01,6.141242,4.3975873,1
2019-03-02,6.1893587,4.3855014,1
2019-03-03,8.617699,3.140806,1
2019-03-04,6.1371956,1.7255919,1
2019-03-05,7.709894,5.0890913,1
2019-03-06,8.3448715,3.3147514,1
2019-03-07,8.333189,3.3124757,1
2019-03-08,8.340379,3.2952964,1
2019-03-09,8.001899,4.5859046,1
2019-03-10,8.972315,3.5891483,1
2019-03-11,8.832806,3.4781542,1
2019-03-12,9.351771,3.7956169,1
2019-03-13,9.236706,3.7014759,1
2019-03-14,9.399987,3.84606,1
2019-03-15,9.41324,4.1030345,1
2019-03-16,8.667059,5.2292285,1
2019-03-17,9.387391,4.1360326,1
2019-03-18,9.288274,4.2297497,1
2019-03-19,9.270413,4.3703,1
2019-03-20,9.3538265,4.347376,1
2019-03-21,9.357885,3.7702677,1
2019-03-22,9.586166,4.0670877,1
2019-03-23,9.530045,4.145178,1
2019-03-24,9.618297,4.0335875,1
2019-03-25,9.438863,3.7007704,1
2019-03-26,10.410142,4.301934,1
2019-03-27,8.807438,5.487164,1
2019-03-28,10.108216,4.4004216,1
2019-03-29,9.929286,4.773831,1
2019-03-30,8.752279,5.333341,1
2019-03-31,10.162104,4.401158,1
2019-04-01,9.8780155,4.8879824,1
2019-04-02,1.5721519,8.372533,0
2019-04-03,3.2921574,6.027334,0
2019-04-04,3.2656,4.906613,1
2019-04-05,3.3777857,5.498681,0
2019-04-06,3.3194602,5.3021545,1
2019-04-07,3.436736,5.5818596,0
2019-04-08,3.3794556,5.501764,1
2019-04-09,5.636941,3.7778888,1
2019-04-10,4.96042,5.9191422,1
2019-04-11,3.5510461,2.168854,2
2019-04-12,4.811783,4.7001104,1
2019-04-13,4.8882136,4.534782,1
2019-04-14,4.869961,5.4536514,1
2019-04-15,5.3900495,3.5101955,1
2019-04-16,4.738578,5.888162,1
2019-04-17,5.0199003,4.579089,1
2019-04-18,5.351717,4.5342107,1
2019-04-19,5.4077663,4.4302964,1
2019-04-20,5.4002028,4.5259156,1
2019-04-21,5.433876,4.3137655,1
2019-04-22,5.1418266,5.2452316,1
2019-04-23,4.9106817,6.049852,1
2019-04-24,5.4577446,3.5345912,1
2019-04-25,3.4450274,2.1441905,2
2019-04-26,4.5827885,5.0053444,1
2019-04-27,4.8365726,4.437194,1
2019-04-28,4.880247,4.4457107,1
2019-04-29,4.877144,4.3249903,1
2019-04-30,4.827571,5.524577,1
2019-05-01,5.0843134,4.645169,1
2019-05-02,8.777277,5.255865,1
2019-05-03,3.8616548,7.8856087,0
2019-05-04,8.261307,5.6016397,1
2019-05-05,8.893813,4.3592615,1
2019-05-06,8.813171,4.141582,1
2019-05-07,8.21391,5.652256,1
2019-05-08,8.134448,5.575544,1
2019-05-09,5.0952477,7.2566113,1
2019-05-10,5.008283,7.3386974,1
2019-05-11,1.6783006,8.424281,0
2019-05-12,3.091014,2.4818237,2
2019-05-13,1.6172837,8.380622,0
2019-05-14,3.278361,6.0578966,0
2019-05-15,3.408796,5.6144695,0
2019-05-16,2.2126505,2.9030638,2
2019-05-17,1.6824808,1.8714714,2
2019-05-18,2.2797494,3.6602976,2
2019-05-19,1.5429113,8.336984,0
2019-05-20,2.1876874,3.0044618,2
2019-05-21,3.1387866,4.884147,1
2019-05-22,2.1338506,2.9782834,2
2019-05-23,3.1814938,5.6565714,0
2019-05-24,3.2093973,5.262977,0
2019-05-25,3.2511423,4.9921565,1
2019-05-26,2.3021665,8.035181,0
2019-05-27,4.0434265,5.224981,1
2019-05-28,4.160948,4.355335,1
2019-05-29,4.1695175,4.361865,1
2019-05-30,2.7683463,2.1177108,2
2019-05-31,3.013452,5.979045,0
2019-06-01,4.0931163,4.3946676,1
2019-06-02,4.670428,5.4246435,1
2019-06-03,3.0145402,2.1204572,2
2019-06-04,2.403577,1.9359971,2
2019-06-05,1.614154,4.3804216,1
2019-06-06,1.9654624,4.0738797,2
2019-06-07,1.6356183,4.617993,0
2019-06-08,2.682847,3.9107609,1
2019-06-09,2.9557798,2.2336638,2
2019-06-10,2.6870694,6.2376823,0
2019-06-11,4.5010066,4.0924816,1
2019-06-12,2.465531,5.621993,1
2019-06-13,4.554518,4.753703,1
2019-06-14,3.5714238,7.2140837,0
2019-06-15,4.5453486,5.459293,1
2019-06-16,4.788821,5.9416447,1
2019-06-17,4.1500773,6.876318,1
2019-06-18,5.454648,3.2777205,1
2019-06-19,5.0316525,5.795514,1
2019-06-20,4.9143233,5.9049435,1
2019-06-21,3.4607,7.752549,0
2019-06-22,3.2101855,7.8601456,0
2019-06-23,4.7317357,5.970999,1
2019-06-24,4.6977334,5.740337,1
2019-06-25,3.3209028,7.875246,0
2019-06-26,1.8259486,8.420772,0
2019-06-27,1.3500007,1.1399838,2
2019-06-28,1.4783621,8.197789,0
2019-06-29,1.9662491,2.8723826,2
2019-06-30,1.5671896,1.8404942,2
2019-07-01,1.3073689,3.0484173,2
2019-07-02,1.1526085,3.2170503,0
2019-07-03,1.4634048,8.082282,0
2019-07-04,1.7294506,2.128664,2
2019-07-05,1.5847188,3.0944252,2
2019-07-06,1.5045202,3.8731484,0
2019-07-07,1.6586337,4.254369,0
2019-07-08,1.8648704,7.7588305,0
2019-07-09,2.9942005,5.4264083,0
2019-07-10,2.4399524,2.1941469,2
2019-07-11,1.8842143,2.1926577,2
2019-07-12,2.4941611,6.306688,0
2019-07-13,1.7525444,2.431369,2
2019-07-14,1.5008744,1.5587919,2
2019-07-15,1.6980144,7.6451445,0
2019-07-16,1.429952,1.3538563,2
2019-07-17,1.0317526,3.2297726,2
2019-07-18,1.354373,7.9695754,0
2019-07-19,1.1401861,2.9991195,2
2019-07-20,1.1571307,3.164096,0
2019-07-21,1.1397781,2.9321856,2
2019-07-22,1.0794697,2.8548007,2
2019-07-23,0.9995474,2.7711616,2
2019-07-24,0.817663,2.7861905,2
2019-07-25,-0.75643736,3.8068318,2
2019-07-26,-0.83426505,3.7803211,2
2019-07-27,3.0157945,2.0504453,2
2019-07-28,-0.8673546,3.7864199,2
2019-07-29,-0.91647553,3.770945,2
2019-07-30,-0.8966802,3.808828,1
2019-07-31,0.9790843,4.5783377,0
2019-08-01,1.1168712,4.5968056,0
2019-08-02,1.1785934,4.535311,1
2019-08-03,1.1838728,4.599364,1
2019-08-04,1.2309833,4.570414,1
2019-08-05,2.4670095,7.9045887,0
2019-08-06,2.8012855,2.1270745,2
2019-08-07,2.8601358,6.2179017,0
2019-08-08,4.1581335,4.4650927,1
2019-08-09,4.1636586,4.387125,1
2019-08-10,3.1460009,2.2842212,2
2019-08-11,4.048993,5.0012712,1
2019-08-12,4.456321,4.207235,1
2019-08-13,3.3923023,2.1744015,2
2019-08-14,2.5192866,1.3738086,2
2019-08-15,1.9681253,6.0370493,0
2019-08-16,2.4720438,4.738508,1
2019-08-17,4.4740663,2.2703784,1
2019-08-18,2.6499033,4.663234,1
2019-08-19,2.6572404,6.4168477,0
2019-08-20,4.436591,2.7608232,1
2019-08-21,2.634602,1.1842552,2
2019-08-22,2.8614922,4.370312,1
2019-08-23,2.1028137,5.4630256,1
2019-08-24,4.2982635,2.1263459,2
2019-08-25,2.894576,4.3395905,1
2019-08-26,2.0655217,5.472649,1
2019-08-27,4.5189867,2.2846944,1
2019-08-28,3.7338905,1.6264335,2
2019-08-29,4.45018,1.7038251,2
2019-08-30,6.614619,0.47623914,1
2019-08-31,6.6162395,0.44743878,1
2019-09-01,6.6563487,0.43218485,1
2019-09-02,1.9800986,6.544514,0
2019-09-03,2.0850785,5.5551224,1
2019-09-04,6.98558,2.2347302,1
2019-09-05,7.923169,2.163228,1
2019-09-06,4.0699096,1.953037,1
2019-09-07,7.792076,2.7717137,1
2019-09-08,7.281281,2.2162464,1
2019-09-09,6.7420745,2.1555994,1
2019-09-10,6.0274405,1.6321902,1
2019-09-11,8.348434,3.1461363,1
2019-09-12,7.7566843,5.056729,1
2019-09-13,8.316672,3.2881525,1
2019-09-14,8.38102,3.3642058,1
2019-09-15,8.374273,3.3973005,1
2019-09-16,8.277731,3.190696,1
2019-09-17,8.522716,3.1812365,1
2019-09-18,9.017924,3.394002,1
2019-09-19,8.585454,5.432445,1
2019-09-20,9.746,3.5803645,1
2019-09-21,9.712391,3.4695563,1
2019-09-22,9.766126,3.7837548,1
2019-09-23,6.153116,1.7357572,1
2019-09-24,1.7623278,1.0867893,2
2019-09-25,4.5951233,1.5089966,2
2019-09-26,2.4917977,1.7708654,2
2019-09-27,0.24748833,4.5477333,1
2019-09-28,0.24793766,4.5027294,1
2019-09-29,4.822768,1.2715538,2
2019-09-30,0.26174596,4.5431294,0
2019-10-01,6.5511527,0.51228243,1
2019-10-02,6.5999384,0.47701395,1
2019-10-03,5.7734675,0.6646283,1
2019-10-04,6.4311123,0.42493588,1
2019-10-05,6.388175,0.43506652,1
2019-10-06,5.8455515,0.6140295,1
2019-10-07,1.2680458,5.6213393,1
2019-10-08,6.451043,0.42083701,1
2019-10-09,1.3391957,5.7191916,0
2019-10-10,6.7314487,0.6765765,1
2019-10-11,4.51117,1.2720306,2
2019-10-12,6.6066337,0.49727023,1
2019-10-13,6.5365014,0.5168107,1
2019-10-14,6.6430435,0.5043944,1
2019-10-15,5.403427,0.943781,1
2019-10-16,5.7916284,0.6695566,1
2019-10-17,6.5865636,0.43129274,1
2019-10-18,5.8943877,0.60431236,1
2019-10-19,6.46293,0.36556864,1
2019-10-20,1.257243,5.582408,1
2019-10-21,6.686442,0.5486241,1
2019-10-22,5.6338143,1.0065709,1
2019-10-23,2.6454601,1.1760749,2
2019-10-24,7.444273,1.8847922,1
2019-10-25,1.5393463,8.375635,0
2019-10-26,1.7749882,8.237647,0
2019-10-27,3.182847,5.9019065,0
2019-10-28,2.1491585,2.9838102,2
2019-10-29,3.3224747,5.5132165,0
2019-10-30,2.3167617,3.3046842,2
2019-10-31,3.1307232,4.950396,1
2019-11-01,4.637251,4.663146,1
2019-11-02,4.957868,4.6691155,1
2019-11-03,5.2544346,4.0093737,1
2019-11-04,4.8400707,5.495705,1
2019-11-05,5.4058347,4.1325135,1
2019-11-06,5.4861054,4.2845874,1
2019-11-07,5.4770904,4.138135,1
2019-11-08,3.4500003,2.0730126,2
2019-11-09,4.800442,4.2386284,1
2019-11-10,4.4564834,5.5721765,1
2019-11-11,3.912026,2.336197,1
2019-11-12,4.669948,4.5217204,1
2019-11-13,4.757632,4.2812886,1
2019-11-14,4.7017813,4.1830897,1
2019-11-15,4.3116555,2.4238148,1
2019-11-16,5.1933393,3.188727,1
2019-11-17,5.2535305,3.1195202,1
2019-11-18,4.051354,2.188573,1
2019-11-19,4.499827,2.5403564,1
2019-11-20,4.4342937,2.4682744,1
2019-11-21,3.5073419,1.7859006,2
2019-11-22,2.8734791,1.1781999,2
2019-11-23,-0.37545344,4.140951,1
2019-11-24,3.7810206,1.0820364,2
2019-11-25,0.9289121,4.78481,2
2019-11-26,6.4173784,0.53566945,1
2019-11-27,1.7236305,6.1723466,0
2019-11-28,5.3029594,1.0101302,1
2019-11-29,1.3119074,5.5661407,1
2019-11-30,4.920875,1.144133,1
2019-12-01,5.2815905,0.9660356,1
2019-12-02,5.391067,0.91323185,1
2019-12-03,6.435496,0.52269083,1
2019-12-04,5.446498,0.8926895,1
2019-12-05,1.2712178,5.6366673,1
2019-12-06,6.725422,0.56366783,1
2019-12-07,6.8621025,0.6768203,1
2019-12-08,6.8918695,0.63291055,1
2019-12-09,5.628302,0.96689826,1
2019-12-10,5.757515,0.89515936,1
2019-12-11,6.630494,0.644324,1
2019-12-12,6.796601,0.5600761,1
2019-12-13,6.9026995,0.64296454,1
2019-12-14,5.7553906,1.0011209,1
2019-12-15,6.8437557,0.6189615,1
2019-12-16,5.562718,1.0468873,1
2019-12-17,4.236861,1.1697465,2
2019-12-18,1.8237948,8.215779,0
2019-12-19,4.498008,2.49607,1
2019-12-20,3.6775937,4.2260795,1
2019-12-21,3.6907291,4.1859593,1
2019-12-22,3.2528584,6.5414777,0
2019-12-23,4.101037,3.4910576,1
2019-12-24,4.1181326,3.705365,1
2019-12-25,7.370014,2.6344006,1
2019-12-26,7.203101,2.5916858,1
2019-12-27,7.727158,3.8597622,1
2019-12-28,7.8926,3.6019542,1
2019-12-29,7.831684,5.723975,1
2019-12-30,6.8140316,3.2251818,1
2019-12-31,6.971025,3.1733618,1
2020-01-01,8.467256,3.3185596,1
2020-01-02,5.7699637,1.9944129,1
2020-01-03,3.6419542,7.851251,0
2020-01-04,6.847082,4.857695,1
2020-01-05,6.668933,4.795575,1
2020-01-06,3.8521414,7.488825,0
2020-01-07,3.7845712,7.5091343,0
2020-01-08,3.9876962,3.5182598,1
2020-01-09,4.8788433,3.429727,1
2020-01-10,4.037648,7.286973,0
2020-01-11,5.0932384,3.903448,1
2020-01-12,5.496748,5.622092,1
2020-01-13,6.402439,4.7437973,1
2020-01-14,2.3218553,8.134578,0
2020-01-15,4.042405,4.567915,1
2020-01-16,4.6117597,3.970495,1
2020-01-17,5.1780667,6.3103843,1
2020-01-18,6.120023,5.1914363,1
2020-01-19,3.637846,3.0191767,1
2020-01-20,5.9222126,4.8101177,1
2020-01-21,7.5145698,4.6327376,1
2020-01-22,7.3904448,3.540738,1
2020-01-23,5.647144,2.1519375,1
2020-01-24,7.770999,3.7342162,1
2020-01-25,7.568733,2.9724905,1
2020-01-26,7.703054,5.192826,1
2020-01-27,4.5269914,7.194941,1
2020-01-28,3.8093333,7.525028,0
2020-01-29,6.187384,4.8992405,1
2020-01-30,5.7535195,6.5201974,1
2020-01-31,6.1547008,3.8005087,1
2020-02-01,7.231851,4.653301,1
2020-02-02,6.4395976,4.1249704,1
2020-02-03,6.418223,3.9779966,1
2020-02-04,6.819138,3.34429,1
2020-02-05,3.9555237,7.721364,0
2020-02-06,7.3084106,6.5831633,1
2020-02-07,7.5380006,6.424007,1
2020-02-08,7.5580573,6.494212,1
2020-02-09,5.853711,6.9462132,1
2020-02-10,5.679546,2.525287,1
2020-02-11,4.476007,7.3061504,1
2020-02-12,7.507096,6.6402764,1
2020-02-13,8.009935,8.165229,1
2020-02-14,7.7627916,6.835274,1
2020-02-15,3.98539,1.2826507,1
2020-02-16,7.07327,6.7861595,1
2020-02-17,5.452229,2.353847,1
2020-02-18,4.222637,7.894868,0
2020-02-19,3.5679567,1.1966295,2
2020-02-20,6.7815948,7.2181664,1
2020-02-21,6.772822,7.0970917,1
2020-02-22,6.8223333,7.1863475,1
2020-02-23,5.655267,6.9059815,1
2020-02-24,4.1705613,1.4539195,1
2020-02-25,3.9708524,1.3327961,1
2020-02-26,3.0984993,1.0912064,2
2020-02-27,6.6962276,8.097623,1
2020-02-28,4.3440113,1.5997533,1
2020-02-29,5.9698887,1.0766839,1
2020-03-01,6.062613,0.96636677,1
2020-03-02,1.6081492,5.8382735,0
2020-03-03,6.812177,7.4948173,1
2020-03-04,6.1577353,0.9728284,1
2020-03-05,1.6111351,5.850231,1
2020-03-06,6.902273,7.563555,1
2020-03-07,5.7522006,1.917526,1
2020-03-08,1.9596026,1.1043626,2
2020-03-09,3.6685183,1.649729,2
2020-03-10,0.04930937,4.4026623,2
2020-03-11,0.057283483,4.4151525,2
2020-03-12,1.3258036,1.182357,2
2020-03-13,1.2507241,8.03972,0
2020-03-14,0.79903686,2.8199155,2
2020-03-15,0.77026457,2.8738024,2
2020-03-16,0.80276936,2.8092453,2
2020-03-17,0.7819194,2.8805873,2
2020-03-18,0.7724225,2.8283455,2
2020-03-19,1.2826351,8.039222,0
2020-03-20,0.6988905,2.9056585,2
2020-03-21,0.6494878,2.76371,2
2020-03-22,0.66292053,2.678355,2
2020-03-23,1.2559224,7.9212565,0
2020-03-24,0.545303,2.732515,0
2020-03-25,0.5515467,2.6452415,2
2020-03-26,0.46286133,2.5745862,2
2020-03-27,0.6084927,2.6170528,2
2020-03-28,0.57436913,2.6290598,2
2020-03-29,0.598556,2.6119893,2
2020-03-30,1.2423328,7.8149905,0
2020-03-31,0.48790053,2.5838,2
2020-04-01,0.46853945,2.6221278,2
2020-04-02,0.4364016,2.6241488,2
2020-04-03,0.47738352,2.5715187,2
2020-04-04,0.46875864,2.5592263,2
2020-04-05,0.46510118,2.5497208,2
2020-04-06,0.39645967,2.665305,0
2020-04-07,0.51832336,2.5309029,2
2020-04-08,0.38695416,2.5768113,0
2020-04-09,0.48543724,2.5313625,2
2020-04-10,0.73990995,2.4359388,2
2020-04-11,3.9103553,4.3083863,1
2020-04-12,2.965545,5.6625724,0
2020-04-13,3.604148,3.9594734,2
2020-04-14,4.048032,4.2793736,1
2020-04-15,3.2387471,2.440125,2
2020-04-16,2.3646808,8.08704,0
2020-04-17,4.0155687,4.296541,1
2020-04-18,4.0958347,5.4591184,1
2020-04-19,4.4712706,4.315809,1
2020-04-20,3.2204418,2.480067,2
2020-04-21,4.2299814,4.2157574,1
2020-04-22,3.5307248,6.2595525,0
2020-04-23,3.610805,7.114449,0
2020-04-24,5.505847,5.771262,1
2020-04-25,5.4260616,5.4585505,1
2020-04-26,5.5666585,5.7678876,1
2020-04-27,6.5805564,5.775371,1
2020-04-28,6.72151,5.612155,1
2020-04-29,1.7685188,8.413192,0
2020-04-30,2.8403902,2.8199565,2
2020-05-01,3.6406093,5.6027756,0
2020-05-02,3.833385,4.8664513,1
2020-05-03,3.5835614,4.0309014,1
2020-05-04,3.6679528,4.6048346,1
2020-05-05,3.786444,4.817503,1
2020-05-06,5.652461,6.940259,1
2020-05-07,2.4861448,8.279525,0
2020-05-08,6.3063617,6.437416,1
2020-05-09,3.5039394,3.4036982,1
2020-05-10,1.6142436,1.2188431,2
2020-05-11,2.3815613,3.075474,2
2020-05-12,2.2939682,4.9426417,0
2020-05-13,2.8422475,6.644634,0
2020-05-14,2.9848719,6.7548842,0
2020-05-15,2.8463664,2.6344128,2
2020-05-16,3.2021406,4.8465996,1
2020-05-17,3.4458878,6.421502,0
2020-05-18,3.9413583,4.8359838,1
2020-05-19,3.9808974,4.7351317,1
2020-05-20,3.7247162,3.3118255,1
2020-05-21,2.9375532,1.7308019,2
2020-05-22,4.3453765,4.607212,1
2020-05-23,4.6094723,4.293543,1
2020-05-24,3.3797739,2.0105972,2
2020-05-25,2.6761703,5.197264,1
2020-05-26,4.8984947,3.080855,1
2020-05-27,2.9419782,6.2635703,0
2020-05-28,3.291826,6.2717414,0
2020-05-29,4.886514,3.9096756,1
2020-05-30,3.8048563,6.139522,1
2020-05-31,4.69757,2.952505,1
2020-06-01,2.3875122,8.033889,0
2020-06-02,2.6252177,1.723772,2
2020-06-03,3.6430297,5.142727,1
2020-06-04,3.6766381,5.2837486,1
2020-06-05,3.922481,3.861881,1
2020-06-06,3.7532082,4.2421002,1
2020-06-07,3.8047922,5.20369,1
2020-06-08,4.839179,4.5242243,1
2020-06-09,7.3442945,4.144707,1
2020-06-10,7.3346515,4.226076,1
2020-06-11,3.356885,1.572966,2
2020-06-12,7.613014,3.8836193,1
2020-06-13,7.675817,2.5099266,1
2020-06-14,7.3440294,2.4618807,1
2020-06-15,6.9347897,6.734364,1
2020-06-16,7.687379,3.7920117,1
2020-06-17,7.28029,2.4430299,1
2020-06-18,8.199041,2.8835642,1
2020-06-19,7.9324894,2.8597014,1
2020-06-20,8.510442,3.0344005,1
2020-06-21,8.430745,2.9394705,1
2020-06-22,7.69212,5.1906815,1
2020-06-23,8.312266,3.279663,1
2020-06-24,5.536848,1.9454978,1
2020-06-25,6.97384,2.2908103,1
2020-06-26,6.835189,2.1866615,1
2020-06-27,6.7473416,2.1136427,1
2020-06-28,8.001242,2.9424481,1
2020-06-29,8.61033,2.9709666,1
2020-06-30,8.367283,2.6245253,1
2020-07-01,9.627211,3.702365,1
2020-07-02,9.75939,3.1823103,1
2020-07-03,9.99596,3.2566264,1
2020-07-04,10.1777315,3.3910584,1
2020-07-05,9.956541,3.2199638,1
2020-07-06,8.012867,5.044205,1
2020-07-07,9.468393,3.4152694,1
2020-07-08,8.361942,4.636333,1
2020-07-09,9.341037,3.4646344,1
2020-07-10,8.914336,3.7934937,1
2020-07-11,9.866328,4.183334,1
2020-07-12,9.9064865,4.2101765,1
2020-07-13,10.118061,4.0511556,1
2020-07-14,10.23411,4.1379986,1
2020-07-15,10.466431,3.7723184,1
2020-07-16,10.465611,3.7499635,1
2020-07-17,10.585716,3.909663,1
2020-07-18,10.613591,3.9350877,1
2020-07-19,10.572539,3.946861,1
2020-07-20,10.58126,3.8113725,1
2020-07-21,8.8689375,5.4479866,1
2020-07-22,9.485852,5.0950646,1
2020-07-23,9.826494,4.892732,1
2020-07-24,10.08727,4.4551053,1
2020-07-25,9.766855,5.0077147,1
2020-07-26,8.723847,5.547517,1
2020-07-27,1.8111138,8.396751,0
2020-07-28,4.093793,3.6479208,1
2020-07-29,5.2515297,6.137058,1
2020-07-30,5.9902663,4.979571,1
2020-07-31,5.265061,6.1079426,1
2020-08-01,3.8574233,7.378105,0
2020-08-02,2.7849407,1.7343353,2
2020-08-03,5.521427,5.6155915,1
2020-08-04,6.283298,4.701517,1
2020-08-05,3.7959342,7.4699407,0
2020-08-06,6.051801,5.0549664,1
2020-08-07,4.1526675,3.6115224,1
2020-08-08,5.962667,5.265689,1
2020-08-09,6.9721217,4.548782,1
2020-08-10,5.7380624,6.340975,1
2020-08-11,3.7120903,2.109724,1
2020-08-12,6.0541673,6.238428,1
2020-08-13,5.6065784,6.4358225,1
2020-08-14,7.066449,4.5669866,1
2020-08-15,7.3677907,4.54298,1
2020-08-16,7.370014,4.5918727,1
2020-08-17,4.6635027,7.113355,1
2020-08-18,6.1704164,3.0488188,1
2020-08-19,6.142967,3.019981,1
2020-08-20,7.463171,4.278891,1
2020-08-21,5.820637,2.8234577,1
2020-08-22,7.5992055,3.9900928,1
2020-08-23,7.848714,3.0977004,1
2020-08-24,7.4635615,4.193455,1
2020-08-25,5.445039,2.083919,1
2020-08-26,7.9373612,4.0725164,1
2020-08-27,6.578821,2.5868556,1
2020-08-28,8.045817,4.496517,1
2020-08-29,8.724404,3.349893,1
2020-08-30,8.075081,4.5616,1
2020-08-31,8.566707,3.6861045,1
2020-09-01,7.8929043,5.8562956,1
2020-09-02,4.7268505,1.6116486,1
2020-09-03,1.9142761,1.0873212,2
2020-09-04,2.0285497,5.0274887,0
2020-09-05,2.6033008,2.6931386,2
2020-09-06,2.127436,4.7310443,1
2020-09-07,2.045545,4.7981887,1
2020-09-08,4.1815476,1.7845494,2
2020-09-09,2.011262,4.819914,1
2020-09-10,6.5676746,8.262843,1
2020-09-11,6.7168026,7.8525167,1
2020-09-12,6.2041683,1.0588921,1
2020-09-13,6.0366583,0.99577636,1
2020-09-14,1.5994068,5.8713193,1
2020-09-15,7.058859,6.7779884,1
2020-09-16,7.1006837,6.6924586,1
2020-09-17,7.504941,7.2754836,1
2020-09-18,8.339766,2.9639213,1
2020-09-19,7.9054723,4.085822,1
2020-09-20,6.704521,2.516829,1
2020-09-21,3.9458356,1.3158582,2
2020-09-22,7.8430576,2.8111165,1
2020-09-23,5.5571184,1.445772,1
2020-09-24,2.0550084,6.5650587,0
2020-09-25,6.8465457,7.372628,1
2020-09-26,6.821229,7.348277,1
2020-09-27,6.792952,7.4222083,1
2020-09-28,6.8845468,7.4931407,1
2020-09-29,6.862611,7.2917585,1
2020-09-30,6.941342,7.4454255,1
2020-10-01,6.32044,3.1016762,1
2020-10-02,8.123447,7.8053017,1
2020-10-03,8.825854,7.6885567,1
2020-10-04,8.041159,9.645327,1
2020-10-05,8.829204,8.328136,1
2020-10-06,8.6906185,7.711872,1
2020-10-07,8.797519,7.3792768,1
2020-10-08,7.8514924,9.898835,1
2020-10-09,8.936261,5.2451105,1
2020-10-10,8.195297,5.7625713,1
2020-10-11,9.427065,5.059205,1
2020-10-12,8.082485,5.8787684,1
2020-10-13,9.147655,6.2321405,1
2020-10-14,9.308212,5.5598907,1
2020-10-15,9.265875,5.3429356,1
2020-10-16,9.088781,6.3077435,1
2020-10-17,9.723152,4.840061,1
2020-10-18,9.502619,5.046764,1
2020-10-19,8.164634,5.824553,1
2020-10-20,8.0054035,6.1620564,1
2020-10-21,2.7388268,8.100372,0
2020-10-22,7.287791,5.791828,1
2020-10-23,7.0817213,5.161852,1
2020-10-24,7.355187,5.3679223,1
2020-10-25,7.0588408,5.151148,1
2020-10-26,7.0785246,5.3283143,1
2020-10-27,4.0493755,7.801865,0
2020-10-28,5.7374024,2.49117,1
2020-10-29,7.141128,7.9965034,1
2020-10-30,7.575528,5.9944806,1
2020-10-31,7.624505,6.017228,1
2020-11-01,7.345984,5.1008573,1
2020-11-02,6.3882117,3.8678188,1
2020-11-03,4.9812675,7.4164305,1
2020-11-04,7.735402,6.183675,1
2020-11-05,1.9943448,8.302831,0
2020-11-06,4.210623,4.056815,1
2020-11-07,3.0003278,2.0845907,2
2020-11-08,3.3580463,6.6743345,0
2020-11-09,3.840059,3.7034886,1
2020-11-10,5.7174425,4.855847,1
2020-11-11,3.6742332,5.789196,0
2020-11-12,3.974452,7.1808314,0
2020-11-13,5.8370733,5.4133286,1
2020-11-14,6.170165,3.7666416,1
2020-11-15,6.939905,4.025395,1
2020-11-16,3.8661904,7.5568438,0
2020-11-17,3.2891128,7.833605,0
2020-11-18,5.2517047,6.637641,1
2020-11-19,6.173564,6.127673,1
2020-11-20,3.8242567,7.462132,0
2020-11-21,6.241819,6.151107,1
2020-11-22,3.9496624,3.394363,1
2020-11-23,6.266774,6.243231,1
2020-11-24,4.0688977,7.6156306,0
2020-11-25,4.1192718,3.304243,1
2020-11-26,1.6204513,1.1796439,2
2020-11-27,2.646955,4.6297565,1
2020-11-28,3.033609,6.4176373,0
2020-11-29,3.5168722,5.818854,0
2020-11-30,2.274239,8.091954,0
2020-12-01,2.7876675,2.5255363,2
2020-12-02,3.4098659,5.595785,0
2020-12-03,3.9406774,5.200052,1
2020-12-04,3.3230202,2.6624155,2
2020-12-05,3.6577375,5.5899014,1
2020-12-06,3.8947735,5.0652857,1
2020-12-07,5.1139426,4.084529,1
2020-12-08,3.5277457,2.1644914,2
2020-12-09,4.1984015,5.6067824,1
2020-12-10,4.6854253,3.2074792,1
2020-12-11,4.907889,3.1569717,1
2020-12-12,3.8705513,6.935451,0
2020-12-13,4.545128,5.7403426,1
2020-12-14,4.933381,4.708933,1
2020-12-15,7.1739926,4.508314,1
2020-12-16,2.0276742,8.243481,0
2020-12-17,2.2958455,8.413146,0
2020-12-18,3.9771056,5.247743,1
2020-12-19,3.5607457,6.5394993,0
2020-12-20,3.6339898,3.6565688,1
2020-12-21,3.0183575,2.6414528,2
2020-12-22,3.1860898,6.794722,0
2020-12-23,3.3844938,3.443726,2
2020-12-24,3.853972,6.2008824,1
2020-12-25,3.5509803,6.6736035,0
2020-12-26,2.3950715,8.142247,0
2020-12-27,2.9224339,2.978676,2
2020-12-28,3.673159,6.5303197,0
2020-12-29,4.782818,6.287265,1
2020-12-30,3.5913844,7.5046034,0
2020-12-31,6.033821,6.3148155,1
2021-01-01,5.9309983,6.1772027,1
2021-01-02,2.0016634,8.396895,0
2021-01-03,4.6804814,8.632932,0
2021-01-04,1.8327395,1.5356629,2
2021-01-05,2.306295,8.397449,0
2021-01-06,2.2627225,8.415862,0
2021-01-07,2.2630095,8.440262,0
2021-01-08,2.4359477,8.472044,0
2021-01-09,3.2915301,3.5219798,2
2021-01-10,1.6897088,1.4680213,2
2021-01-11,1.4823282,1.2555124,2
2021-01-12,1.746395,1.6387191,2
2021-01-13,1.5351992,8.176991,0
2021-01-14,2.6548839,6.650584,0
2021-01-15,1.7051039,1.5171521,2
2021-01-16,2.0340369,3.1683521,2
2021-01-17,1.9300045,3.202177,2
2021-01-18,2.4188957,6.0787177,0
2021-01-19,2.1195385,3.2076368,2
2021-01-20,2.8217156,3.4974833,2
2021-01-21,1.4245875,1.1221308,2
2021-01-22,1.3861072,8.0559225,0
2021-01-23,1.3307945,2.9116225,2
2021-01-24,1.2205045,3.519386,2
2021-01-25,1.214143,3.6444612,2
2021-01-26,1.3053615,3.5846293,2
2021-01-27,1.562202,1.6979169,2
2021-01-28,1.4087641,8.075193,0
2021-01-29,1.1037843,3.8980439,2
2021-01-30,1.4716241,3.551168,2
2021-01-31,1.4963826,2.7251072,2
2021-02-01,1.3326608,3.633519,2
2021-02-02,2.4319057,6.594629,0
2021-02-03,2.65725,6.6027684,0
2021-02-04,3.0299363,3.7965157,2
2021-02-05,2.8630917,6.280193,0
2021-02-06,2.9375677,6.553424,0
2021-02-07,3.2005343,3.913184,2
2021-02-08,1.4574516,8.304053,0
2021-02-09,1.9362136,3.4892883,0
2021-02-10,1.9396378,3.3616323,2
2021-02-11,2.5621612,6.8723674,0
2021-02-12,1.9651593,3.4437587,2
2021-02-13,1.9377625,3.442561,2
2021-02-14,1.9835422,3.6289456,0
2021-02-15,3.1438932,3.8617167,2
2021-02-16,2.9257066,6.5164094,0
2021-02-17,2.7092574,6.8973484,0
2021-02-18,3.5463715,4.105296,1
2021-02-19,2.423633,8.1769905,0
2021-02-20,3.150618,3.9969492,0
2021-02-21,3.2942834,6.39736,0
2021-02-22,1.6010171,1.3541342,2
2021-02-23,1.4027089,1.1572918,2
2021-02-24,1.3667673,3.7088065,0
2021-02-25,1.6351091,1.8638337,2
2021-02-26,6.27244,9.702298,2
2021-02-27,1.3259065,3.5129657,2
2021-02-28,1.4479755,2.9374588,2
2021-03-01,1.5600295,8.032208,0
2021-03-02,1.5911636,2.8396392,2
2021-03-03,2.4400365,6.44852,0
2021-03-04,1.6274558,2.471965,2
2021-03-05,1.4415059,3.656075,2
2021-03-06,1.6752379,3.6930866,2
2021-03-07,2.5735464,6.441177,0
2021-03-08,2.871403,5.809283,0
2021-03-09,2.7761784,6.5205536,0
2021-03-10,3.2549484,6.5639563,0
2021-03-11,3.4471564,6.581605,0
2021-03-12,3.3147607,4.0123043,1
2021-03-13,2.502772,8.347854,0
2021-03-14,3.4340003,3.2972684,2
2021-03-15,2.0827463,1.5791492,2
2021-03-16,2.822899,5.6579156,0
2021-03-17,2.9482458,6.635588,0
2021-03-18,2.8778305,2.8507798,2
2021-03-19,3.0287483,5.334892,0
2021-03-20,3.4902525,4.344147,1
2021-03-21,3.2880058,3.927811,1
2021-03-22,2.793768,1.4280221,2
2021-03-23,2.8094554,4.8071747,1
2021-03-24,2.9343581,1.3865796,2
2021-03-25,6.561023,9.043749,2
2021-03-26,2.3259134,7.175188,0
2021-03-27,2.740856,5.2106915,1
2021-03-28,2.8331492,4.5227385,1
2021-03-29,3.1907964,6.610872,0
2021-03-30,3.578582,6.2948847,0
2021-03-31,7.3906937,8.5427885,1
2021-04-01,7.353615,8.35399,1
2021-04-02,7.3594956,8.325149,1
2021-04-03,7.1456313,9.122561,1
2021-04-04,5.9442,6.955274,1
2021-04-05,7.319207,8.452352,1
2021-04-06,7.326051,8.74082,1
2021-04-07,6.9372697,9.420447,2
2021-04-08,4.2193246,7.3951473,0
2021-04-09,6.470175,6.628617,1
2021-04-10,5.0742474,7.173983,0
2021-04-11,6.3169966,6.5128303,1
2021-04-12,7.5906715,8.1058235,1
2021-04-13,4.625667,8.621765,0
2021-04-14,7.3244557,8.834543,1
2021-04-15,7.4732985,8.357748,1
2021-04-16,6.8876085,9.552174,2
2021-04-17,7.445822,8.693212,1
2021-04-18,1.5381364,1.222254,2
2021-04-19,6.596112,8.986205,2
2021-04-20,6.3182917,8.822747,0
2021-04-21,3.404071,1.172634,2
2021-04-22,3.1729994,1.1459222,2
2021-04-23,6.4830856,9.557649,2
2021-04-24,4.045235,1.5621129,2
2021-04-25,3.8265574,1.511219,2
2021-04-26,1.7785348,8.199767,0
2021-04-27,2.2770827,4.83714,0
2021-04-28,2.4317887,3.927685,2
2021-04-29,2.6290305,2.7923927,2
2021-04-30,2.0026946,7.888662,0
2021-05-01,2.5711005,4.5099664,1
2021-05-02,2.4388769,3.281959,2
2021-05-03,2.7391179,4.984848,1
2021-05-04,2.02451,1.499322,2
2021-05-05,1.9817383,7.979308,0
2021-05-06,2.3084354,3.232677,2
2021-05-07,2.7441115,5.4610662,0
2021-05-08,2.8126438,5.5094366,0
2021-05-09,2.70245,3.567362,2
2021-05-10,1.9867512,1.7212956,2
2021-05-11,2.7851675,5.3103323,0
2021-05-12,1.4015807,1.1208918,2
2021-05-13,1.1951094,3.7783608,2
2021-05-14,1.2633685,3.5397422,2
2021-05-15,1.7290307,1.7062972,2
2021-05-16,1.0215245,3.8347416,2
2021-05-17,1.6707219,1.6295987,2
2021-05-18,1.0099978,3.5313354,2
2021-05-19,1.3612434,1.1855967,2
2021-05-20,1.310349,8.068648,0
2021-05-21,1.3331233,1.268326,2
2021-05-22,0.8293784,3.1708605,2
2021-05-23,1.3839519,1.3866532,2
2021-05-24,1.2550118,8.032054,0
2021-05-25,0.8896967,3.0618575,2
2021-05-26,0.8873457,3.2366922,2
2021-05-27,0.86481917,2.9989047,2
2021-05-28,1.1761603,2.0135908,2
2021-05-29,0.87158227,2.8434808,2
2021-05-30,0.48804322,3.7142403,2
2021-05-31,0.40953794,3.9300785,0
2021-06-01,0.40816155,3.2878609,2
2021-06-02,0.4143258,3.7412488,2
2021-06-03,0.40315294,3.9390295,0
2021-06-04,1.0452471,2.3506544,2
2021-06-05,0.7540841,2.8823538,2
2021-06-06,0.3156612,3.674807,2
2021-06-07,1.0584238,2.2913508,2
2021-06-08,0.560176,3.2420557,2
2021-06-09,1.2964629,8.028711,0
2021-06-10,1.1121705,2.970937,2
2021-06-11,1.0868927,3.5833602,2
2021-06-12,1.0266669,2.758647,2
2021-06-13,1.3903631,7.98523,0
2021-06-14,1.4978431,3.9013135,0
2021-06-15,1.7979946,3.5892994,2
2021-06-16,1.6872078,2.3989499,2
2021-06-17,1.7833198,3.5802915,2
2021-06-18,1.765901,2.1440132,2
2021-06-19,1.7582567,3.6306255,2
2021-06-20,2.0193057,4.3925347,2
2021-06-21,1.5156566,1.2771399,2
2021-06-22,1.0819299,3.9600961,0
2021-06-23,2.34743,6.230746,0
2021-06-24,2.322843,6.1814103,0
2021-06-25,1.5224406,1.4733553,2
2021-06-26,1.2113587,3.6013856,2
2021-06-27,1.7522542,7.7134066,0
2021-06-28,1.7641962,3.5795588,2
2021-06-29,2.4044914,6.329722,0
2021-06-30,1.7260085,2.9862459,2
2021-07-01,1.6191819,2.5910568,2
2021-07-02,1.5255017,3.9980986,2
2021-07-03,1.3951184,4.460237,0
2021-07-04,1.2960265,4.5474586,1
2021-07-05,2.9559095,2.134386,2
2021-07-06,1.2869997,4.5144396,1
2021-07-07,-0.4704797,3.9024832,2
2021-07-08,3.0068967,2.1148195,2
2021-07-09,1.0810764,4.6341677,0
2021-07-10,-0.54581183,3.8703563,1
2021-07-11,1.2269616,4.637273,1
2021-07-12,3.3458934,1.9356834,2
2021-07-13,-0.6653036,3.7537067,1
2021-07-14,-0.3544129,4.1440635,1
2021-07-15,3.5579357,1.859973,2
2021-07-16,4.430954,2.543511,1
2021-07-17,5.259916,3.0518854,1
2021-07-18,5.281431,3.076743,1
2021-07-19,4.117483,2.2434294,1
2021-07-20,3.71447,1.8476255,2
2021-07-21,2.0405388,7.8524055,0
2021-07-22,2.8732512,4.460704,1
2021-07-23,3.101922,6.364978,0
2021-07-24,3.787254,5.3946323,1
2021-07-25,3.7533445,6.0335684,0
2021-07-26,2.5100572,8.271856,0
2021-07-27,3.2906587,7.8725734,0
2021-07-28,5.5910215,6.5151334,1
2021-07-29,7.0399895,4.5835795,1
2021-07-30,3.225678,7.9060984,0
2021-07-31,5.2223816,3.8728426,1
2021-08-01,3.3377542,2.4318771,2
2021-08-02,4.2682614,3.2180886,1
2021-08-03,4.010398,2.104723,1
2021-08-04,3.1793818,6.4912333,0
2021-08-05,3.262634,7.18294,0
2021-08-06,3.2627084,7.517146,0
2021-08-07,3.5210643,6.9328146,0
2021-08-08,3.8428748,3.40311,1
2021-08-09,3.0763927,7.855638,0
2021-08-10,3.9317997,3.3829486,1
2021-08-11,5.299026,5.238631,1
2021-08-12,3.668661,2.9477062,1
2021-08-13,2.3372467,8.048464,0
2021-08-14,3.8052127,3.7422059,1
2021-08-15,3.9585786,4.5996203,1
2021-08-16,3.7191696,3.1576693,1
2021-08-17,3.5003562,2.6699228,2
2021-08-18,4.015964,4.8888226,1
2021-08-19,3.2799423,6.943271,0
2021-08-20,3.5711784,7.4889097,0
2021-08-21,4.2938375,4.5556183,1
2021-08-22,5.331312,5.438245,1
2021-08-23,5.675283,5.7086515,1
2021-08-24,3.669535,2.567601,1
2021-08-25,3.8717198,6.211661,1
2021-08-26,3.437078,2.2974558,2
2021-08-27,3.5547667,7.147292,0
2021-08-28,5.0688157,4.6429367,1
2021-08-29,5.2816315,5.0439253,1
2021-08-30,3.6642373,2.5188406,1
2021-08-31,5.3263645,5.231137,1
2021-09-01,3.679311,6.9206457,0
2021-09-02,6.0076604,6.2551136,1
2021-09-03,5.466504,6.583163,1
2021-09-04,6.3768883,6.0922356,1
2021-09-05,4.250097,7.1278043,1
2021-09-06,6.02443,6.7140718,1
2021-09-07,1.4347827,1.0882037,2
2021-09-08,2.4548233,3.1166914,2
2021-09-09,2.2583787,4.5787582,1
2021-09-10,2.5208068,2.792626,2
2021-09-11,2.3072703,4.5005,1
2021-09-12,2.22357,4.765897,1
2021-09-13,2.5791786,2.782478,2
2021-09-14,1.972146,6.49846,0
2021-09-15,2.3869987,5.524778,1
2021-09-16,4.7054515,3.3926237,1
2021-09-17,4.95777,3.091272,1
2021-09-18,2.420083,5.5483055,1
2021-09-19,4.573704,2.4768429,1
2021-09-20,1.8102888,1.1320363,2
2021-09-21,2.0868683,1.6078738,2
2021-09-22,1.9907154,7.4288926,0
2021-09-23,2.1621692,4.908167,0
2021-09-24,1.9517646,1.8131105,2
2021-09-25,2.1839004,3.8119452,2
2021-09-26,2.0232985,4.6730237,2
2021-09-27,2.6795557,2.2973871,2
2021-09-28,2.618062,2.2184,2
2021-09-29,-0.13209528,4.303118,1
2021-09-30,1.941737,6.512949,0
2021-10-01,1.7653474,8.171007,0
2021-10-02,3.5370493,3.932872,1
2021-10-03,3.0583024,5.0427837,1
2021-10-04,2.9888682,5.4648004,0
2021-10-05,3.2253816,6.7384667,0
2021-10-06,2.349852,8.159027,0
2021-10-07,3.5076332,3.3855805,2
2021-10-08,3.8713596,4.864609,1
2021-10-09,3.9906166,5.3498545,1
2021-10-10,3.8386283,4.545612,1
2021-10-11,3.2831733,6.8408957,0
2021-10-12,3.4149528,3.2692044,2
2021-10-13,3.5670173,6.4502244,0
2021-10-14,4.8279657,5.185925,1
2021-10-15,2.3937113,8.235135,0
2021-10-16,3.900408,4.3716636,1
2021-10-17,3.9234073,5.162642,1
2021-10-18,3.9140873,5.1019864,1
2021-10-19,3.501288,6.4930344,0
2021-10-20,3.7474635,6.4377193,0
2021-10-21,2.7443361,1.6338159,2
2021-10-22,3.6007557,2.6334238,2
2021-10-23,3.9674866,5.1788144,1
2021-10-24,4.574319,3.5784197,1
2021-10-25,3.2631936,6.4083166,0
2021-10-26,3.3634121,2.2715878,2
2021-10-27,3.5133379,2.0640872,2
2021-10-28,2.7976205,6.7030606,0
2021-10-29,3.4605365,6.199446,0
2021-10-30,4.628937,3.821417,1
2021-10-31,4.490483,3.4567935,1
2021-11-01,4.523378,3.4824622,1
2021-11-02,3.918342,7.1826806,0
2021-11-03,5.3796706,3.750638,1
2021-11-04,4.772887,2.7667732,1
2021-11-05,6.6512733,2.6491249,1
2021-11-06,7.69568,3.8873675,1
2021-11-07,7.6233907,5.2502413,1
2021-11-08,3.1621463,7.910883,0
2021-11-09,4.4873705,4.454592,1
2021-11-10,3.1417685,2.5748646,2
2021-11-11,5.5000234,5.335141,1
2021-11-12,4.0224843,3.4297967,1
2021-11-13,5.5224233,5.317217,1
2021-11-14,5.6108313,5.5754576,1
2021-11-15,5.6297617,2.2585804,1
2021-11-16,3.0212514,1.1732962,2
2021-11-17,6.980289,6.982177,1
2021-11-18,2.8528235,1.1247942,2
2021-11-19,1.7616376,5.3329287,1
2021-11-20,1.9156955,5.538849,1
2021-11-21,4.7722716,1.9621488,1
2021-11-22,3.2538717,1.6763518,2
2021-11-23,1.6868093,5.346995,1
2021-11-24,4.4037905,1.6881831,1
2021-11-25,1.4108955,5.280926,1
2021-11-26,2.0408897,1.1409855,2
2021-11-27,1.3408309,5.293749,1
2021-11-28,1.9211661,6.280103,0
2021-11-29,2.0028574,4.9191313,1
2021-11-30,4.14673,1.780878,2
2021-12-01,1.9517783,4.9737663,1
2021-12-02,4.7116284,1.8284068,1
2021-12-03,2.8553796,1.1396337,2
2021-12-04,1.3988364,1.151092,2
2021-12-05,0.055161607,4.4126577,2
2021-12-06,0.6246138,4.525078,0
2021-12-07,0.050618436,4.4149747,2
2021-12-08,0.049591016,4.3908,2
2021-12-09,2.2573576,1.8066972,2
2021-12-10,0.103760295,4.3154273,2
2021-12-11,0.46093053,4.5195994,0
2021-12-12,0.058876093,4.4612875,1
2021-12-13,2.145234,1.7272023,2
2021-12-14,0.056087025,4.3515086,2
2021-12-15,1.8761086,5.7356734,0
2021-12-16,2.7598581,2.2068405,2
2021-12-17,2.6341438,2.104054,2
2021-12-18,0.11490124,4.458607,1
2021-12-19,0.027619703,4.389338,1
2021-12-20,-0.08354425,4.3304567,1
2021-12-21,1.8892317,6.3229327,0
2021-12-22,5.0172005,2.5833423,1
2021-12-23,1.9604467,6.441766,0
2021-12-24,5.2384534,2.8778577,1
2021-12-25,5.188244,2.6939144,1
2021-12-26,5.3519664,2.982532,1
2021-12-27,5.255463,2.7735767,1
2021-12-28,2.7539203,1.1311431,2
2021-12-29,4.1538057,1.7449231,2
2021-12-30,1.2356111,5.344405,1
2021-12-31,4.0436897,1.5744439,2
2022-01-01,2.1346593,5.5255394,1
2022-01-02,4.7489834,3.7032464,1
2022-01-03,4.758411,2.523675,1
2022-01-04,5.509537,2.7286193,1
2022-01-05,2.8647935,1.1281323,2
2022-01-06,5.192318,2.336607,1
2022-01-07,6.642832,9.484338,2
2022-01-08,6.2748857,0.8408572,1
2022-01-09,6.6719303,0.7260607,1
2022-01-10,5.7170076,0.9322575,1
2022-01-11,1.3783212,5.4605885,1
2022-01-12,1.5249367,5.6910553,1
2022-01-13,3.917788,1.3428715,2
2022-01-14,6.854606,0.9389292,1
2022-01-15,6.8963003,0.83539027,1
2022-01-16,6.9589925,0.83624923,1
2022-01-17,5.556891,1.0298965,1
2022-01-18,6.840055,0.7741319,1
2022-01-19,5.7503424,0.94931746,1
2022-01-20,5.004271,1.0776638,1
2022-01-21,1.6731608,1.1323981,2
2022-01-22,2.288064,1.8695487,2
2022-01-23,0.36480036,4.506577,0
2022-01-24,0.81507206,4.169657,2
2022-01-25,0.1421895,4.45405,2
2022-01-26,0.13624,4.3807297,2
2022-01-27,0.2342952,4.560508,1
2022-01-28,1.2177868,5.495811,1
2022-01-29,6.6674514,0.44364163,1
2022-01-30,6.3324594,0.38207233,1
2022-01-31,6.769617,0.46448013,1
2022-02-01,6.746389,0.5303171,1
2022-02-02,4.096252,1.2092075,2
2022-02-03,6.835636,0.7962105,1
2022-02-04,1.7196894,8.287457,0
2022-02-05,3.6681526,4.2277765,1
2022-02-06,3.5681193,5.5122643,1
2022-02-07,3.3323364,6.408476,0
2022-02-08,3.5713394,5.1276827,1
2022-02-09,3.9192183,4.9445534,1
2022-02-10,3.7135658,3.680621,1
2022-02-11,4.640172,2.8693864,1
2022-02-12,5.089721,4.172795,1
2022-02-13,5.0736847,4.3051558,1
2022-02-14,7.020826,4.2522426,1
2022-02-15,3.8975747,7.056611,0
2022-02-16,5.294536,3.9302595,1
2022-02-17,2.4726737,1.2810249,2
2022-02-18,4.3184633,3.3891587,1
2022-02-19,2.91668,4.343445,1
2022-02-20,3.613263,1.9269269,2
2022-02-21,3.2341404,1.922271,2
2022-02-22,1.9743371,5.960717,0
2022-02-23,3.793386,1.9367495,2
2022-02-24,2.1432314,5.992305,0
2022-02-25,2.1214154,5.471458,1
2022-02-26,2.9842708,4.3249726,1
2022-02-27,3.5437214,1.7863084,2
2022-02-28,1.5193677,8.382171,0
2022-03-01,3.2171874,5.623894,0
2022-03-02,3.1300738,4.83783,2
2022-03-03,2.2520735,3.004351,2
2022-03-04,1.7015517,1.915563,2
2022-03-05,2.3084822,3.8020928,2
2022-03-06,2.1214395,3.2556808,2
2022-03-07,2.543171,4.275744,2
2022-03-08,1.9313204,5.2032123,1
2022-03-09,2.017539,7.9596963,0
2022-03-10,1.9461219,2.0108318,2
2022-03-11,2.2173324,3.5049074,2
2022-03-12,2.7454357,4.285583,1
2022-03-13,2.7615511,2.3760324,2
2022-03-14,2.5208554,6.3756824,0
2022-03-15,2.1548283,3.750977,2
2022-03-16,2.6776953,6.5207696,0
2022-03-17,4.475979,4.207346,1
2022-03-18,3.188167,5.855706,0
2022-03-19,4.6159725,4.6828437,1
2022-03-20,4.553743,3.8734415,1
2022-03-21,4.557427,4.1153054,1
2022-03-22,3.2956586,6.1630874,0
2022-03-23,4.83462,5.3171363,1
2022-03-24,4.7482843,5.428986,1
2022-03-25,4.8419585,5.2797,1
2022-03-26,5.226544,4.5842323,1
2022-03-27,3.8014572,7.0424466,0
2022-03-28,4.849058,5.239842,1
2022-03-29,4.8680115,5.2412343,1
2022-03-30,6.740442,4.0389547,1
2022-03-31,3.8823512,2.564538,1
2022-04-01,4.7596297,6.2774277,1
2022-04-02,5.203487,3.9130487,1
2022-04-03,6.993658,6.020656,1
2022-04-04,7.1840115,5.992135,1
2022-04-05,5.9072247,2.747529,1
2022-04-06,3.5962603,1.3649681,2
2022-04-07,7.6615396,3.7967665,1
2022-04-08,5.4141207,1.8310404,1
2022-04-09,7.911961,2.8023157,1
2022-04-10,6.713507,2.086416,1
2022-04-11,2.8213856,1.0501674,2
2022-04-12,1.4624873,5.2507353,1
2022-04-13,1.651966,5.518375,1
2022-04-14,4.387479,1.4991477,1
2022-04-15,1.5306112,5.1621466,1
2022-04-16,7.397583,1.7942483,1
2022-04-17,5.2466855,1.1890016,1
2022-04-18,1.4982146,5.71089,1
2022-04-19,7.715339,3.033715,1
2022-04-20,6.7402344,2.0725555,1
2022-04-21,4.090694,1.4459398,1
2022-04-22,5.7356043,1.1156926,1
2022-04-23,6.8083076,0.7258787,1
2022-04-24,6.8383837,0.6832714,1
2022-04-25,1.4830576,5.7058477,1
2022-04-26,3.025553,1.0166053,2
2022-04-27,1.33912,5.4753065,1
2022-04-28,1.4502106,5.265104,1
2022-04-29,4.4170613,1.5125338,2
2022-04-30,5.0920863,1.1032732,1
2022-05-01,1.3784956,5.304756,1
2022-05-02,5.918452,1.1239796,1
2022-05-03,5.4944983,1.0606489,1
2022-05-04,1.9257454,6.4467955,0
2022-05-05,2.042212,1.1312423,2
2022-05-06,4.48667,1.7892971,2
2022-05-07,4.628411,1.7744659,1
2022-05-08,3.1542854,1.9084677,2
2022-05-09,1.5887355,1.185654,2
2022-05-10,1.0060488,4.027066,0
2022-05-11,1.6311588,1.3895466,2
2022-05-12,0.9466689,3.933426,2
2022-05-13,0.61526,4.118682,2
2022-05-14,0.34368554,4.470902,0
2022-05-15,0.3540063,4.476431,0
2022-05-16,2.2315767,1.8744695,2
2022-05-17,0.13705038,4.4276404,2
2022-05-18,2.2510312,1.8889215,2
2022-05-19,0.3917833,4.408899,0
2022-05-20,2.2600162,1.9851378,2
2022-05-21,0.15705533,4.280283,2
2022-05-22,0.2671641,4.4432993,0
2022-05-23,2.2843068,2.0009491,2
2022-05-24,0.18247816,4.3820987,2
2022-05-25,-0.1317303,4.2112794,2
2022-05-26,-0.41175798,3.5867696,2
2022-05-27,-0.39705122,3.498427,2
2022-05-28,-0.6379132,3.9344623,1
2022-05-29,-0.58436114,3.9656036,1
2022-05-30,2.031171,7.1895065,0
2022-05-31,-0.193128,4.206304,1
2022-06-01,2.0436451,1.7168877,2
2022-06-02,0.17681617,4.404653,0
2022-06-03,2.6738627,2.3696234,2
2022-06-04,2.7135177,4.3225794,1
2022-06-05,2.7321637,4.3246,1
2022-06-06,2.5471234,6.503182,0
2022-06-07,3.6143584,3.7479835,1
2022-06-08,3.9176955,2.661184,1
2022-06-09,4.8816433,4.3606653,1
2022-06-10,3.8950229,2.308407,1
2022-06-11,4.1105237,2.2529926,1
2022-06-12,2.774014,1.2109853,2
2022-06-13,1.3745276,1.1302035,2
2022-06-14,0.8662117,3.6390877,2
2022-06-15,0.9580917,3.9102995,2
2022-06-16,1.4021904,1.5420442,2
2022-06-17,0.5122165,3.5984762,2
2022-06-18,1.3377024,1.5843939,2
2022-06-19,1.261326,7.9877295,0
2022-06-20,0.58471644,3.5044658,2
2022-06-21,0.53163517,3.5741298,2
2022-06-22,0.72221607,3.2258523,2
2022-06-23,0.42820024,4.1600714,0
2022-06-24,0.3650895,3.682886,2
2022-06-25,0.020966405,3.8384287,2
2022-06-26,-0.3134026,3.519433,2
2022-06-27,-0.31029448,3.5165696,2
2022-06-28,-0.25393578,3.4642205,2
2022-06-29,-0.34798902,3.5616908,2
2022-06-30,-0.35391566,3.5152392,2
2022-07-01,-0.32813182,3.4768195,2
2022-07-02,-0.4426018,3.6129818,2
2022-07-03,-0.432332,3.6072948,2
2022-07-04,0.36518592,4.253592,0
2022-07-05,-0.35412955,3.53546,2
2022-07-06,-0.34417117,3.7661567,2
2022-07-07,0.4079937,4.3408804,0
2022-07-08,-0.46261013,3.671817,2
2022-07-09,-0.7770309,3.7483675,2
2022-07-10,2.3126302,2.1578016,2
2022-07-11,2.4252336,2.1030352,2
2022-07-12,3.006224,2.2712114,2
2022-07-13,2.27488,6.499602,0
2022-07-14,2.6898391,5.3456874,1
2022-07-15,4.1303954,5.381772,1
2022-07-16,4.6222396,5.826123,1
2022-07-17,4.5066767,3.3822677,1
2022-07-18,2.3215241,8.116098,0
2022-07-19,3.3433194,7.5078278,0
2022-07-20,3.9024498,3.6074693,1
2022-07-21,4.338269,4.32956,1
2022-07-22,3.935887,3.373278,1
2022-07-23,4.136699,3.5749142,1
2022-07-24,5.700661,5.243951,1
2022-07-25,3.3849158,1.5015084,2
2022-07-26,6.543714,2.476602,1
2022-07-27,2.252575,8.017221,0
2022-07-28,3.317771,6.797,0
2022-07-29,3.8940928,4.5479417,1
2022-07-30,3.9052036,4.0147977,1
2022-07-31,4.0059066,3.75336,1
2022-08-01,5.246577,4.9744115,1
2022-08-02,4.4345684,3.6945426,1
2022-08-03,5.607014,3.6574616,1
2022-08-04,6.870618,3.2448986,1
2022-08-05,5.547553,6.452259,1
2022-08-06,6.8054395,3.5084307,1
2022-08-07,7.242516,4.219021,1
2022-08-08,5.1037664,6.608404,1
2022-08-09,5.3935056,3.0942364,1
2022-08-10,4.1402507,7.2847166,0
2022-08-11,6.316421,6.166764,1
2022-08-12,5.7106266,6.306787,1
2022-08-13,7.178061,4.5593143,1
2022-08-14,7.0069933,4.492563,1
2022-08-15,6.79738,5.72334,1
2022-08-16,6.950661,3.625782,1
2022-08-17,5.8480177,2.4783263,1
2022-08-18,7.8476396,3.25469,1
2022-08-19,1.9174738,1.0878351,2
2022-08-20,2.1963317,4.8182077,1
2022-08-21,2.3198917,4.826546,1
2022-08-22,4.569029,2.1082463,1
2022-08-23,2.1693559,4.7684655,1
2022-08-24,4.614419,2.0753856,1
2022-08-25,2.353401,4.727159,1
2022-08-26,2.925393,1.0291393,2
2022-08-27,5.9391427,1.0563776,1
2022-08-28,5.510629,0.98725986,1
2022-08-29,1.3917031,5.5491962,1
2022-08-30,4.2564178,1.5633855,2
2022-08-31,1.4263124,5.21637,1
2022-09-01,5.9030285,1.1139162,1
2022-09-02,5.9743495,0.9752278,1
2022-09-03,6.3377705,0.7657931,1
2022-09-04,6.624682,0.7047629,1
2022-09-05,6.104558,0.8765086,1
2022-09-06,3.2133877,1.0458425,2
2022-09-07,1.2692088,5.4770784,1
2022-09-08,6.173344,0.8887212,1
2022-09-09,1.8132161,8.226497,0
2022-09-10,2.2811909,4.6908584,1
2022-09-11,2.3720646,4.5196614,1
2022-09-12,2.6144977,5.214809,0
2022-09-13,1.6202133,1.2254655,2
2022-09-14,2.2072642,3.985754,2
2022-09-15,2.2893832,3.1698523,2
2022-09-16,2.5192964,4.372153,1
2022-09-17,2.7013228,4.667718,1
2022-09-18,3.4797716,2.0932698,2
2022-09-19,2.3876624,4.9526625,1
2022-09-20,4.0375504,1.9596949,2
2022-09-21,3.8515263,1.4804363,2
2022-09-22,2.011426,6.516336,0
2022-09-23,2.76418,4.420517,1
2022-09-24,4.6402054,2.3384144,1
2022-09-25,5.0167866,2.5713937,1
2022-09-26,1.8438576,5.3722715,1
2022-09-27,6.3557143,8.907755,2
2022-09-28,6.2472234,8.6765785,1
2022-09-29,6.9774323,6.869676,1
2022-09-30,5.2695646,2.7890263,1
2022-10-01,5.276154,2.6418443,1
2022-10-02,5.1819406,2.5235977,1
2022-10-03,1.8549858,5.7657676,1
2022-10-04,1.872976,5.9074965,1
2022-10-05,5.0136147,3.0791626,1
2022-10-06,5.0347013,2.9579885,1
2022-10-07,4.5302515,2.3837872,1
2022-10-08,5.262667,2.6662621,1
2022-10-09,7.941689,2.0090127,1
2022-10-10,5.970878,1.446853,1
2022-10-11,6.1774487,0.9457575,1
2022-10-12,8.522512,3.1700287,1
2022-10-13,6.4741516,7.3172426,1
2022-10-14,8.36327,7.402291,1
2022-10-15,9.694639,3.4553506,1
2022-10-16,9.837838,3.7775693,1
2022-10-17,8.6155615,6.7718678,1
2022-10-18,8.918974,6.6795206,1
2022-10-19,9.6613455,3.4159358,1
2022-10-20,9.703649,3.3666003,1
2022-10-21,8.708818,7.016494,1
2022-10-22,10.166081,3.885518,1
2022-10-23,8.922195,5.4098206,1
2022-10-24,9.037769,6.569983,1
2022-10-25,4.828488,8.22518,1
2022-10-26,5.137319,8.308965,1
2022-10-27,8.143189,8.442288,1
2022-10-28,7.8217654,7.3715672,1
2022-10-29,8.019005,7.1036234,1
2022-10-30,8.388126,7.3030934,1
2022-10-31,8.274326,8.05277,1
2022-11-01,8.586415,7.803405,1
2022-11-02,8.0568905,8.599239,1
2022-11-03,8.860345,8.103207,1
2022-11-04,4.9239078,8.424147,0
2022-11-05,8.467667,7.2830844,1
2022-11-06,8.44433,7.710804,1
2022-11-07,8.135003,8.393733,1
2022-11-08,1.4731718,1.2083222,2
2022-11-09,1.372313,1.132177,2
2022-11-10,1.364103,8.093505,0
2022-11-11,1.4351131,3.171031,2
2022-11-12,1.4632962,3.3235278,2
2022-11-13,1.491459,3.2704535,2
2022-11-14,1.1769637,3.3597877,2
2022-11-15,1.3436915,3.4363127,2
2022-11-16,2.3846786,2.6869922,2
2022-11-17,-0.9290019,3.8266275,1
2022-11-18,-0.91884744,3.8301814,1
2022-11-19,-0.9795265,3.8274899,1
2022-11-20,-0.6599981,3.5821311,2
2022-11-21,-0.37092534,3.3705432,2
2022-11-22,-0.33674735,4.117466,1
2022-11-23,-0.39939356,4.113431,1
2022-11-24,-0.9134972,3.8290968,1
2022-11-25,-0.97935367,3.800682,1
2022-11-26,-0.98091805,3.813468,1
2022-11-27,-0.9985219,3.8319864,1
2022-11-28,-0.73088044,3.615627,1
2022-11-29,-0.7520185,3.9206047,1
2022-11-30,0.490518,4.476328,0
2022-12-01,-0.91453373,3.7564616,1
2022-12-02,-0.9633073,3.8473458,1
2022-12-03,-0.98124814,3.7823539,1
2022-12-04,-0.9211391,3.8589785,1
2022-12-05,-0.8666313,3.7636752,1
2022-12-06,-0.9888983,3.8419464,1
2022-12-07,4.9960546,3.256177,1
2022-12-08,4.9016767,5.5147595,1
2022-12-09,7.8152623,3.6003315,1
2022-12-10,9.584962,4.508668,1
2022-12-11,9.742194,4.540074,1
2022-12-12,9.5316515,5.083767,1
2022-12-13,4.9795823,7.442978,1
2022-12-14,8.987933,5.5555544,1
2022-12-15,9.163437,3.7899685,1
2022-12-16,4.966354,1.7127287,1
2022-12-17,8.7851515,3.8470705,1
2022-12-18,8.961818,3.5406559,1
2022-12-19,6.5618944,1.9486426,1
2022-12-20,7.876651,4.8765497,1
2022-12-21,9.005539,3.583094,1
2022-12-22,8.943831,3.640186,1
2022-12-23,9.797029,3.797606,1
2022-12-24,9.8213415,3.8622878,1
2022-12-25,9.835625,3.8571453,1
2022-12-26,9.928942,3.8485477,1
2022-12-27,9.820353,3.4024522,1
2022-12-28,9.781284,3.3847601,1
2022-12-29,10.146625,3.6883168,1
2022-12-30,10.288396,3.5857775,1
2022-12-31,10.444872,3.6258097,1
2023-01-01,10.422961,3.667074,1
2023-01-02,10.415172,3.6992767,1
2023-01-03,10.491557,3.756174,1
2023-01-04,10.363718,4.3285255,1
2023-01-05,10.482282,3.7598014,1
2023-01-06,10.444714,4.251735,1
2023-01-07,10.570467,3.8743455,1
2023-01-08,10.545186,4.1022906,1
2023-01-09,10.416278,4.3433557,1
2023-01-10,9.891556,4.859433,1
2023-01-11,8.738396,5.578562,1
2023-01-12,4.230748,7.894536,0
2023-01-13,3.878134,7.9397893,0
2023-01-14,4.055167,7.9078984,0
2023-01-15,7.262323,5.043681,1
2023-01-16,7.3814754,5.6261215,1
2023-01-17,7.0814934,5.1687717,1
2023-01-18,5.6136365,2.5853584,1
2023-01-19,7.397644,5.3333383,1
2023-01-20,2.9576147,8.045052,0
2023-01-21,6.908086,5.387529,1
2023-01-22,6.6528435,4.9882708,1
2023-01-23,6.8976665,5.225892,1
2023-01-24,6.4121046,4.232138,1
2023-01-25,4.673879,7.08393,1
2023-01-26,6.9123416,4.9391475,1
2023-01-27,8.636176,5.444262,1
2023-01-28,9.070339,4.464356,1
2023-01-29,5.088251,7.4038997,1
2023-01-30,5.1356163,1.8943787,1
2023-01-31,7.767683,4.71431,1
2023-02-01,5.4672756,6.6399665,1
2023-02-02,6.3792024,3.9227412,1
2023-02-03,6.9905286,4.7938375,1
2023-02-04,6.7356863,4.6802006,1
2023-02-05,6.665144,3.2121353,1
2023-02-06,7.385575,3.3337898,1
2023-02-07,7.6998153,5.5712075,1
2023-02-08,6.791964,3.2574642,1
2023-02-09,3.8251414,1.4407731,1
2023-02-10,6.8060865,2.3576167,1
2023-02-11,7.9884553,2.8000455,1
2023-02-12,7.779825,2.3894083,1
2023-02-13,7.8969064,2.5449436,1
2023-02-14,7.884612,4.8231153,1
2023-02-15,2.1375198,8.195263,0
2023-02-16,3.400136,2.830334,1
2023-02-17,3.525165,7.0452456,0
2023-02-18,6.049941,5.0273604,1
2023-02-19,4.30557,3.7119663,1
2023-02-20,5.1511917,6.2109213,1
2023-02-21,4.1747513,3.6790633,1
2023-02-22,6.3767495,3.898279,1
2023-02-23,6.395934,3.8087413,1
2023-02-24,5.634124,2.1629553,1
2023-02-25,8.330962,3.1415448,1
2023-02-26,7.966092,4.4305935,1
2023-02-27,7.728842,3.2475533,1
2023-02-28,7.1074405,2.9272978,1
2023-03-01,7.6765695,5.2876554,1
2023-03-02,7.537402,2.9647849,1
2023-03-03,4.0525484,1.3942975,1
2023-03-04,8.046496,2.179699,1
2023-03-05,8.074202,2.3092568,1
2023-03-06,7.940786,2.251684,1
2023-03-07,6.7580805,2.184309,1
2023-03-08,5.977094,1.5611944,1
2023-03-09,2.838653,1.0414358,2
2023-03-10,5.902756,0.9790773,1
2023-03-11,1.3117009,5.4616323,1
2023-03-12,2.0490308,7.6471796,0
2023-03-13,1.8630509,8.22926,0
2023-03-14,3.2523718,6.8249097,0
2023-03-15,3.559818,3.815064,2
2023-03-16,3.6720586,5.980492,0
2023-03-17,2.0365534,8.333082,0
2023-03-18,3.689734,3.736042,1
2023-03-19,3.3081656,6.7591596,0
2023-03-20,3.6309037,3.7183363,1
2023-03-21,3.8619475,5.2155013,1
2023-03-22,3.1914926,2.6040492,2
2023-03-23,3.3468943,6.5665407,0
2023-03-24,3.8408067,2.6406617,1
2023-03-25,4.825404,4.6062293,1
2023-03-26,4.8282013,5.6263585,1
2023-03-27,3.8885236,2.5185366,1
2023-03-28,4.749359,4.7094336,1
2023-03-29,3.9322808,7.0105352,0
2023-03-30,5.303039,3.6333787,1
2023-03-31,4.7991214,5.6511273,1
2023-04-01,5.29916,4.4348683,1
2023-04-02,5.370954,4.1964173,1
2023-04-03,5.4114933,3.6332211,1
2023-04-04,4.9314084,5.462706,1
2023-04-05,5.469288,4.351285,1
2023-04-06,5.479276,4.249136,1
2023-04-07,5.5586324,4.259931,1
2023-04-08,5.544493,4.2950644,1
2023-04-09,5.460558,4.8603077,1
2023-04-10,4.0150857,7.0975037,0
2023-04-11,5.3361216,5.95546,1
2023-04-12,7.1969204,4.5051956,1
2023-04-13,8.045156,4.9475317,1
2023-04-14,7.266214,4.631516,1
2023-04-15,8.318939,4.116694,1
2023-04-16,9.100993,4.488633,1
2023-04-17,6.736512,2.91504,1
2023-04-18,4.9739327,7.3435903,1
2023-04-19,4.6233263,1.616392,1
2023-04-20,5.875796,2.091156,1
2023-04-21,5.4417596,1.8497262,1
2023-04-22,7.934319,4.25079,1
2023-04-23,7.424868,2.0378458,1
2023-04-24,7.301191,1.9453765,1
2023-04-25,7.8029037,4.79927,1
2023-04-26,5.311281,6.7302165,1
2023-04-27,4.5937886,7.315344,1
2023-04-28,8.784221,3.730652,1
2023-04-29,9.047462,3.6434147,1
2023-04-30,8.636753,3.5984046,1
2023-05-01,4.8743596,1.6732363,1
2023-05-02,7.9323645,4.6751814,1
2023-05-03,7.858891,4.6947393,1
2023-05-04,8.731129,3.5924213,1
2023-05-05,7.972342,4.822028,1
2023-05-06,5.7974863,2.1838422,1
2023-05-07,6.6715865,2.0509992,1
2023-05-08,5.659655,1.9274191,1
2023-05-09,8.295847,2.5454414,1
2023-05-10,7.876992,6.787367,1
2023-05-11,6.1993003,1.6469042,1
2023-05-12,8.863428,2.6070096,1
2023-05-13,9.149068,2.2618604,1
2023-05-14,9.08776,2.5297785,1
2023-05-15,8.8361,3.1083908,1
2023-05-16,9.178985,2.3375123,1
2023-05-17,8.834014,3.1725955,1
2023-05-18,6.224021,1.7483977,1
2023-05-19,9.819411,3.068182,1
2023-05-20,10.015069,3.189345,1
2023-05-21,9.599293,2.890939,1
2023-05-22,9.930035,3.085236,1
2023-05-23,9.478232,3.35091,1
2023-05-24,6.092846,1.6741083,1
2023-05-25,9.326491,3.079151,1
2023-05-26,9.371999,3.1973789,1
2023-05-27,10.09935,3.212628,1
2023-05-28,4.6665206,7.3607078,1
2023-05-29,6.6474032,1.9336892,1
2023-05-30,8.938774,3.586846,1
2023-05-31,6.529435,1.835233,1
2023-06-01,6.603014,1.8146958,1
2023-06-02,8.274126,4.105045,1
2023-06-03,9.004044,3.5549457,1
2023-06-04,10.194024,3.3896646,1
2023-06-05,4.714689,1.5773226,1
2023-06-06,3.5495458,7.9309053,0
2023-06-07,5.5972486,2.0975323,1
2023-06-08,6.3004494,4.490163,1
2023-06-09,6.333628,4.428993,1
2023-06-10,5.7373357,2.130637,1
2023-06-11,6.2456813,4.347521,1
2023-06-12,7.4553294,2.4487658,1
2023-06-13,8.801898,3.0573559,1
2023-06-14,6.0657434,1.7040844,1
2023-06-15,8.084726,4.1415734,1
2023-06-16,7.82663,4.8857493,1
2023-06-17,8.543438,3.6237464,1
2023-06-18,8.87753,3.5135632,1
2023-06-19,8.007784,4.6212826,1
2023-06-20,3.630504,7.840925,0
2023-06-21,3.3124142,7.9600453,0
2023-06-22,6.6100316,4.7131886,1
2023-06-23,4.5946426,7.1483436,1
2023-06-24,6.611754,4.720803,1
2023-06-25,6.670164,4.7202387,1
2023-06-26,6.535639,4.698159,1
2023-06-27,7.236907,5.091422,1
2023-06-28,6.7246985,3.2457097,1
2023-06-29,8.320418,5.0329394,1
2023-06-30,8.251791,5.565156,1
2023-07-01,9.017764,4.4379153,1
2023-07-02,9.018331,4.443638,1
2023-07-03,8.401564,5.166886,1
2023-07-04,8.731717,4.1407566,1
2023-07-05,9.128581,4.156292,1
2023-07-06,6.1824527,2.7024453,1
2023-07-07,8.727482,5.0829353,1
2023-07-08,9.536146,4.0268974,1
2023-07-09,9.549137,4.005527,1
2023-07-10,8.732351,5.234946,1
2023-07-11,9.407076,4.4455843,1
2023-07-12,9.223106,4.1823363,1
2023-07-13,4.964845,7.4398026,1
2023-07-14,5.1555758,1.8711534,1
2023-07-15,9.217478,3.658687,1
2023-07-16,9.069656,3.6247826,1
2023-07-17,8.7977915,3.616846,1
2023-07-18,8.744361,3.5423868,1
2023-07-19,8.982451,3.6038535,1
2023-07-20,9.667848,3.4822092,1
2023-07-21,10.542784,3.9215853,1
2023-07-22,10.608809,3.8656917,1
2023-07-23,10.37919,4.365584,1
2023-07-24,6.2884192,1.7664005,1
2023-07-25,10.278349,3.3547719,1
2023-07-26,10.141977,3.276443,1
2023-07-27,10.181268,3.365613,1
2023-07-28,10.232212,3.3442845,1
2023-07-29,10.37751,3.3960047,1
2023-07-30,10.297355,3.436879,1
2023-07-31,10.586996,3.7860749,1
2023-08-01,9.075355,5.297882,1
2023-08-02,9.656441,3.2058368,1
2023-08-03,10.276114,3.3689709,1
2023-08-04,10.272818,3.3951116,1
2023-08-05,10.394755,3.3829231,1
2023-08-06,10.389515,3.3848038,1
2023-08-07,10.238032,3.3324716,1
2023-08-08,8.9483595,5.3475637,1
2023-08-09,9.934265,3.2684186,1
2023-08-10,10.358982,3.548666,1
2023-08-11,10.385835,3.4988651,1
2023-08-12,10.52152,4.0959644,1
2023-08-13,10.514108,3.9887626,1
2023-08-14,10.337772,4.4514785,1
2023-08-15,10.461635,3.828814,1
2023-08-16,10.409848,3.7541714,1
2023-08-17,2.6248145,1.1475725,2
2023-08-18,6.0082397,1.5438869,1
2023-08-19,7.556447,1.7012217,1
2023-08-20,7.621859,1.6652279,1
2023-08-21,7.570785,1.6810794,1
2023-08-22,7.517562,1.690058,1
2023-08-23,7.958052,3.974658,1
2023-08-24,9.536648,2.6315646,1
2023-08-25,9.572452,2.5854065,1
2023-08-26,9.504882,2.4421513,1
2023-08-27,9.537529,2.4567132,1
2023-08-28,9.536832,2.474649,1
2023-08-29,3.611669,7.946423,0
2023-08-30,6.646763,1.962257,1
2023-08-31,4.529381,1.5349869,2
2023-09-01,7.3136964,1.8557785,1
2023-09-02,7.4894423,1.8201841,1
2023-09-03,7.510272,1.8273338,1
2023-09-04,7.443236,1.8515266,1
2023-09-05,7.6761837,1.5633686,1
2023-09-06,7.4708,1.415444,1
2023-09-07,8.833885,3.1681998,1
2023-09-08,9.243774,2.3834052,1
2023-09-09,9.1814,2.2220867,1
2023-09-10,9.170003,2.2266471,1
2023-09-11,5.944948,1.3994193,1
2023-09-12,7.98303,4.4189596,1
2023-09-13,8.15822,3.2209082,1
2023-09-14,8.302801,3.41158,1
2023-09-15,8.599306,3.5851903,1
2023-09-16,9.451909,3.8381054,1
2023-09-17,9.58542,3.9551094,1
2023-09-18,8.733062,5.2557006,1
2023-09-19,8.891334,5.2746897,1
2023-09-20,9.518656,4.255327,1
2023-09-21,9.468969,3.644844,1
2023-09-22,9.706531,3.9140334,1
2023-09-23,9.657644,3.9846954,1
2023-09-24,9.501477,3.5240338,1
2023-09-25,9.797466,3.6669288,1
2023-09-26,9.679533,3.8010113,1
2023-09-27,9.690257,3.8739915,1
2023-09-28,8.754346,5.5353866,1
2023-09-29,9.903054,4.4172096,1
2023-09-30,10.277388,4.3933916,1
2023-10-01,8.731885,5.58393,1
2023-10-02,9.301287,3.9027653,1
2023-10-03,9.745981,4.365432,1
2023-10-04,8.920698,5.0599957,1
2023-10-05,9.39866,3.982244,1
2023-10-06,8.660913,5.4506807,1
2023-10-07,9.791551,4.45476,1
2023-10-08,10.050584,4.4692655,1
2023-10-09,9.65975,4.04128,1
2023-10-10,9.9957075,4.319739,1
2023-10-11,9.448066,3.6376717,1
2023-10-12,10.273014,3.8585584,1
2023-10-13,10.418764,4.266863,1
2023-10-14,10.557727,4.0070477,1
2023-10-15,10.259774,4.5331063,1
2023-10-16,3.8439014,7.921359,0
2023-10-17,9.340531,4.5243287,1
2023-10-18,9.226079,4.434949,1
2023-10-19,8.727274,5.1082053,1
2023-10-20,4.9260206,7.3633814,1
2023-10-21,8.839204,5.003409,1
2023-10-22,9.312907,4.572219,1
2023-10-23,1.8235134,8.39698,0
2023-10-24,4.341601,6.954321,0
2023-10-25,5.236577,6.1673775,1
2023-10-26,6.022994,4.661165,1
2023-10-27,6.0218863,4.748982,1
2023-10-28,6.1416974,4.871164,1
2023-10-29,5.9244485,5.2461977,1
2023-10-30,8.974321,4.4617133,1
2023-10-31,9.010265,4.540957,1
2023-11-01,7.898165,5.825789,1
2023-11-02,6.6324825,3.1244547,1
2023-11-03,8.96263,4.2600904,1
2023-11-04,9.090602,4.524474,1
2023-11-05,9.078424,4.4381523,1
2023-11-06,9.102084,4.4428983,1
2023-11-07,8.225426,5.620727,1
2023-11-08,8.943305,4.737154,1
2023-11-09,4.8506427,7.623275,1
2023-11-10,8.047066,5.713519,1
2023-11-11,9.073726,4.443869,1
2023-11-12,9.11319,4.439454,1
2023-11-13,6.7839403,3.1748602,1
2023-11-14,5.7015424,2.1705878,1
2023-11-15,3.3691618,7.9511085,0
2023-11-16,3.5247595,2.2317693,2
2023-11-17,5.8295846,5.2857094,1
2023-11-18,6.173858,4.635337,1
2023-11-19,5.6987176,5.4809856,1
2023-11-20,6.0065875,5.0794344,1
2023-11-21,3.5756836,2.3155882,2
2023-11-22,3.7823055,7.6517544,0
2023-11-23,6.6317997,4.696573,1
2023-11-24,7.222179,5.33767,1
2023-11-25,6.613017,4.6614356,1
2023-11-26,6.666016,4.676251,1
2023-11-27,6.7694163,4.792628,1
2023-11-28,8.060001,5.718663,1
2023-11-29,8.981927,4.6026707,1
2023-11-30,9.0198345,4.5345016,1
2023-12-01,7.894286,5.8102856,1
2023-12-02,8.463941,5.22836,1
2023-12-03,8.644664,5.0774794,1
2023-12-04,4.1227455,7.8699346,0
2023-12-05,3.9387538,7.901167,0
2023-12-06,6.497698,4.1641116,1
2023-12-07,6.4284606,3.926716,1
2023-12-08,5.6549835,6.3726554,1
2023-12-09,6.638796,4.680281,1
2023-12-10,6.6061764,4.7420235,1
2023-12-11,2.894952,1.3533953,2
2023-12-12,7.613116,3.9400983,1
2023-12-13,4.071739,7.2998233,0
2023-12-14,5.7993836,5.2094326,1
2023-12-15,5.7989864,2.220006,1
2023-12-16,6.4267635,4.651326,1
2023-12-17,6.0506644,2.1264982,1
2023-12-18,4.6172237,7.236132,1
2023-12-19,6.4490657,3.7227647,1
2023-12-20,4.608972,7.217553,1
2023-12-21,7.5083456,4.80466,1
2023-12-22,7.7658134,4.7233,1
2023-12-23,8.753342,4.3593154,1
2023-12-24,6.6805973,3.2119784,1
2023-12-25,8.332034,5.0695443,1
2023-12-26,5.760082,2.449775,1
2023-12-27,7.738841,5.769363,1
2023-12-28,6.585101,3.1371484,1
2023-12-29,6.5269184,3.364918,1
2023-12-30,8.454718,3.567988,1
2023-12-31,8.543819,3.6267056,1
2024-01-01,4.410135,7.4189987,1
2024-01-02,5.941211,6.9356613,1
2024-01-03,2.873553,1.3340772,2
2024-01-04,4.5476394,7.188139,1
2024-01-05,6.503821,5.145327,1
2024-01-06,6.606579,4.743116,1
2024-01-07,6.600574,4.7924457,1
2024-01-08,2.6634192,8.068139,0
2024-01-09,3.8104706,3.2742476,1
2024-01-10,5.189652,6.7508826,1
2024-01-11,5.225642,6.624417,1
2024-01-12,2.4039598,1.231321,2
2024-01-13,3.5261476,4.3157177,1
2024-01-14,4.5929937,2.4086323,1
2024-01-15,2.2659302,5.3865194,1
2024-01-16,2.4079397,5.2193394,1
2024-01-17,7.2454123,2.1431856,1
2024-01-18,4.127181,1.6470829,2
2024-01-19,7.0317636,6.7403994,1
2024-01-20,8.134229,2.115864,1
2024-01-21,8.31142,2.040013,1
2024-01-22,3.8039758,1.2390229,2
2024-01-23,1.2851113,5.325086,1
2024-01-24,6.868502,0.90973115,1
2024-01-25,6.823712,0.83552915,1
2024-01-26,1.8835871,6.424169,0
2024-01-27,7.8681455,2.5372021,1
2024-01-28,7.2302346,2.141995,1
2024-01-29,7.6785665,5.1882997,1
2024-01-30,6.7608356,2.365506,1
2024-01-31,6.649024,2.287716,1
2024-02-01,7.669138,3.8585775,1
2024-02-02,8.47847,3.0243325,1
2024-02-03,8.295385,2.782882,1
2024-02-04,8.206091,2.6988437,1
2024-02-05,8.507021,2.9856162,1
2024-02-06,8.544825,3.025212,1
2024-02-07,7.8577085,5.089041,1
2024-02-08,7.7368064,5.702869,1
2024-02-09,4.1523967,7.798298,0
2024-02-10,8.216045,5.0707793,1
2024-02-11,8.923146,5.110322,1
2024-02-12,4.874222,7.6114883,1
2024-02-13,7.641288,6.022551,1
2024-02-14,4.344148,7.842864,1
2024-02-15,7.656044,6.612407,1
2024-02-16,8.154986,6.1286874,1
2024-02-17,8.801568,4.1681056,1
2024-02-18,8.565773,4.9766855,1
2024-02-19,8.829889,4.447849,1
2024-02-20,7.7212844,6.1927605,1
2024-02-21,9.101895,6.300326,1
2024-02-22,9.130599,6.318309,1
2024-02-23,9.177832,6.2025495,1
2024-02-24,8.965969,5.190996,1
2024-02-25,9.793977,4.7390656,1
2024-02-26,3.8727698,7.930801,0
2024-02-27,4.417723,8.053513,0
2024-02-28,2.1949623,8.456641,0
2024-02-29,7.538516,8.767158,1
2024-03-01,5.134228,6.307605,1
2024-03-02,5.975146,4.9062376,1
2024-03-03,5.249176,6.119916,1
2024-03-04,2.2504957,8.414828,0
2024-03-05,1.5790238,1.324932,2
2024-03-06,4.4907255,8.485799,0
2024-03-07,3.8102453,4.846977,1
2024-03-08,4.1085567,6.7811494,0
2024-03-09,5.8708706,4.9503317,1
2024-03-10,3.8476381,4.8381925,1
2024-03-11,4.566305,8.575921,0
2024-03-12,7.3393803,8.68579,1
2024-03-13,5.896271,6.9093733,1
2024-03-14,7.103382,9.166843,1
2024-03-15,6.9843564,9.44832,2
2024-03-16,2.731041,1.4090204,2
2024-03-17,2.8994164,6.7686067,0
2024-03-18,3.030577,4.207813,1
2024-03-19,1.7152046,1.3199466,2
2024-03-20,1.653797,8.179193,0
2024-03-21,2.1246178,2.9465117,2
2024-03-22,2.0424018,3.0036273,2
2024-03-23,2.1166768,3.9133577,2
2024-03-24,2.607902,6.3483043,0
2024-03-25,2.7094197,6.4336457,0
2024-03-26,3.2460861,4.868612,1
2024-03-27,3.5552287,4.16871,1
2024-03-28,3.8723092,5.6540866,1
2024-03-29,4.962343,3.9929688,1
2024-03-30,4.763671,4.3944607,1
2024-03-31,4.78201,5.500069,1
2024-04-01,4.259926,2.7097325,1
2024-04-02,2.7348108,1.4348967,2
2024-04-03,2.7981756,5.118899,1
2024-04-04,2.9497175,6.503504,0
2024-04-05,4.266029,3.6113508,1
2024-04-06,4.1106677,5.2245674,1
2024-04-07,4.6472235,4.6068845,1
2024-04-08,3.511089,6.4912786,0
2024-04-09,3.832845,2.5927727,1
2024-04-10,3.8092291,6.223358,1
2024-04-11,4.9736195,3.949356,1
2024-04-12,2.842664,1.6520096,2
2024-04-13,2.6917048,1.4953388,2
2024-04-14,2.9044204,6.554651,0
2024-04-15,3.074908,1.6941662,2
2024-04-16,2.6783555,4.922742,1
2024-04-17,2.9673374,1.4790282,2
2024-04-18,2.1380403,6.2998123,0
2024-04-19,2.4295661,5.4031863,0
2024-04-20,2.2620687,5.384174,1
2024-04-21,7.294314,2.197809,1
2024-04-22,7.5576587,5.249098,1
2024-04-23,7.2558575,2.3703032,1
2024-04-24,4.210056,1.4682108,1
2024-04-25,7.0118113,6.901837,1
2024-04-26,6.691723,2.2225368,1
2024-04-27,6.8197026,2.1507003,1
2024-04-28,6.8329186,2.1050773,1
2024-04-29,7.0808396,6.6746626,1
2024-04-30,2.9110823,1.090323,2
2024-05-01,3.3244226,1.1914752,2
2024-05-02,1.2451034,5.4233584,1
2024-05-03,1.982252,6.759899,0
2024-05-04,2.3737085,4.9418707,1
2024-05-05,3.2257848,4.34668,1
2024-05-06,4.622259,2.2010694,1
2024-05-07,4.7496624,1.9615667,1
2024-05-08,4.925457,2.011849,1
2024-05-09,1.9228729,5.588736,1
2024-05-10,4.1250606,1.3858343,1
2024-05-11,7.995688,2.227354,1
2024-05-12,7.991322,2.954204,1
2024-05-13,7.631609,5.20832,1
2024-05-14,5.9007874,2.1855564,1
2024-05-15,2.4250445,8.088292,0
2024-05-16,4.319474,3.706807,1
2024-05-17,4.906814,6.283424,1
2024-05-18,6.371915,4.7943764,1
2024-05-19,6.069379,4.6756845,1
2024-05-20,2.3204625,8.092056,0
2024-05-21,3.6111088,3.8677812,1
2024-05-22,4.5615697,3.7999418,1
2024-05-23,3.7781863,3.2830975,1
2024-05-24,5.4631357,5.3223925,1
2024-05-25,5.937683,5.1825604,1
2024-05-26,6.142304,4.6319785,1
2024-05-27,7.03546,5.968907,1
2024-05-28,6.474192,3.1892166,1
2024-05-29,6.747354,3.2331944,1
2024-05-30,7.0735946,6.1263328,1
2024-05-31,6.6108994,3.1574988,1
2024-06-01,8.290222,3.422494,1
2024-06-02,8.344722,3.3479712,1
2024-06-03,7.1214337,6.292142,1
2024-06-04,6.031999,6.8446517,1
2024-06-05,7.3714294,4.5306325,1
2024-06-06,7.3782487,3.836597,1
2024-06-07,5.8391304,2.579627,1
2024-06-08,8.188117,3.6336055,1
2024-06-09,8.3576975,3.8977227,1
2024-06-10,7.9005632,3.6213326,1
2024-06-11,5.6852694,2.341782,1
2024-06-12,7.0254836,6.5185504,1
2024-06-13,6.1556916,2.550242,1
2024-06-14,8.148315,7.0212545,1
2024-06-15,9.334852,3.2653105,1
2024-06-16,9.295045,3.3538153,1
2024-06-17,8.122314,7.18776,1
2024-06-18,8.120603,7.567195,1
2024-06-19,9.854105,3.2320104,1
2024-06-20,9.843536,3.2304337,1
2024-06-21,9.791575,3.172135,1
2024-06-22,10.35481,3.2741864,1
2024-06-23,9.654709,2.8459322,1
2024-06-24,3.349645,1.0563229,2
2024-06-25,7.865505,4.003342,1
2024-06-26,6.1675963,1.5196269,1
2024-06-27,7.889903,3.7150126,1
2024-06-28,6.00543,1.5116384,1
2024-06-29,7.6150656,1.7256653,1
2024-06-30,7.903216,4.1614532,1
2024-07-01,8.88292,2.8037078,1
2024-07-02,6.5680943,1.6294641,1
2024-07-03,5.899367,1.5381712,1
2024-07-04,3.2202156,1.0166377,2
2024-07-05,6.6123576,8.729973,1
2024-07-06,1.3643929,5.4576683,1
2024-07-07,4.368615,1.2049335,2
2024-07-08,1.4021462,5.3664384,1
2024-07-09,1.3599612,5.3508782,1
2024-07-10,6.133429,1.2419761,1
2024-07-11,6.136208,1.2012526,1
2024-07-12,7.6947794,3.1888664,1
2024-07-13,7.9131627,4.2137556,1
2024-07-14,7.944085,4.8658047,1
2024-07-15,3.3353271,7.938748,0
2024-07-16,6.7311954,6.606988,1
2024-07-17,6.3104205,3.8255093,1
2024-07-18,6.4669676,4.7012105,1
2024-07-19,3.9354997,7.580721,0
2024-07-20,6.5978417,5.0476503,1
2024-07-21,5.5612044,6.195972,1
2024-07-22,7.882321,7.764579,1
2024-07-23,5.7466207,2.5888398,1
2024-07-24,6.4687257,3.7720346,1
2024-07-25,6.9980516,6.6644583,1
2024-07-26,5.2456884,7.1501703,1
2024-07-27,7.2963986,5.945364,1
2024-07-28,7.7496166,4.6161923,1
2024-07-29,5.7762833,2.6009338,1
2024-07-30,6.769343,3.5914104,1
2024-07-31,5.92165,2.5148172,1
2024-08-01,6.7700305,6.8055277,1
2024-08-02,3.0322645,1.2066184,2
2024-08-03,6.0756392,2.2168167,1
2024-08-04,3.800173,1.2438977,2
2024-08-05,1.5396929,1.2506518,2
2024-08-06,1.8153709,6.0393596,0
2024-08-07,4.0302696,1.7666192,2
2024-08-08,1.5738726,8.27844,0
2024-08-09,2.3162415,3.4396958,2
2024-08-10,2.4194636,3.7962444,1
2024-08-11,2.2193995,2.9402483,2
2024-08-12,2.1480181,4.618039,0
2024-08-13,2.181933,4.8483152,0
2024-08-14,2.4454496,2.8405712,2
2024-08-15,3.9936132,1.6818483,2
2024-08-16,1.9184806,5.4797173,1
2024-08-17,5.2873673,2.9878838,1
2024-08-18,4.5591183,2.4212174,1
2024-08-19,2.083992,5.400962,1
2024-08-20,4.8463287,2.8267527,1
2024-08-21,1.8895568,6.0254016,0
2024-08-22,4.9485106,2.8802042,1
2024-08-23,2.879489,7.6877007,0
2024-08-24,4.7405415,4.4514375,1
2024-08-25,4.746587,4.4977746,1
2024-08-26,4.5769963,3.119181,1
2024-08-27,2.697935,1.4830585,2
2024-08-28,2.8518248,4.419071,1
2024-08-29,2.8798585,5.019754,1
2024-08-30,4.9379973,3.0586522,1
2024-08-31,4.8173146,4.261942,1
2024-09-01,4.210022,2.2622101,1
2024-09-02,2.416355,5.6816845,1
2024-09-03,4.0762205,2.1913445,1
2024-09-04,6.9735203,6.8867145,1
2024-09-05,4.0290747,2.0372014,1
2024-09-06,3.0720901,1.3313496,2
2024-09-07,6.841366,0.88197434,1
2024-09-08,6.8811007,1.0270604,1
2024-09-09,1.836547,6.32102,0
2024-09-10,7.5920877,3.2009025,1
2024-09-11,7.0304666,7.239544,1
2024-09-12,6.9679346,6.979218,1
2024-09-13,4.569423,7.353121,0
2024-09-14,7.5012527,2.717369,1
2024-09-15,6.8620543,2.2373059,1
2024-09-16,6.1179023,2.2024412,1
2024-09-17,4.2189345,7.3817363,0
2024-09-18,5.879949,7.048443,1
2024-09-19,5.805716,6.9643517,1
2024-09-20,7.3916035,6.49805,1
2024-09-21,7.821543,4.3500915,1
2024-09-22,7.8099947,4.712457,1
2024-09-23,7.558478,5.8311787,1
2024-09-24,7.826539,5.900303,1
2024-09-25,6.719766,3.1747208,1
2024-09-26,4.9341044,7.5539227,1
2024-09-27,7.8189726,6.4152074,1
2024-09-28,9.068709,4.4640856,1
2024-09-29,9.035438,4.5155654,1
2024-09-30,5.6101284,2.329808,1
2024-10-01,3.6669316,1.1472868,2
2024-10-02,7.2394896,7.4047728,1
2024-10-03,7.791142,7.2391987,1
2024-10-04,7.8112664,5.0931435,1
2024-10-05,8.920579,3.575117,1
2024-10-06,8.37811,4.3001,1
2024-10-07,8.055172,7.271018,1
2024-10-08,8.9463,6.632321,1
2024-10-09,6.13348,2.0534644,1
2024-10-10,8.113506,7.1595545,1
2024-10-11,4.639564,7.3681784,1
2024-10-12,8.412768,4.395921,1
2024-10-13,8.878735,3.6711621,1
2024-10-14,4.1301613,7.934921,0
2024-10-15,7.0832615,7.9208703,1
2024-10-16,7.768602,6.7174916,1
2024-10-17,8.334386,7.1826696,1
2024-10-18,7.8298273,6.636342,1
2024-10-19,9.161678,4.5101047,1
2024-10-20,8.659529,5.017716,1
2024-10-21,5.841358,2.5698278,1
2024-10-22,8.935352,7.012375,1
2024-10-23,8.782078,6.6242805,1
2024-10-24,7.7048397,6.095839,1
2024-10-25,5.804038,2.6011133,1
2024-10-26,8.493023,4.3885226,1
2024-10-27,8.50575,4.946918,1
2024-10-28,5.602455,7.33823,1
2024-10-29,4.873856,8.331731,0
2024-10-30,8.264175,7.9159403,1
2024-10-31,5.592491,2.458346,1
2024-11-01,7.988034,8.219643,1
2024-11-02,8.956471,3.611961,1
2024-11-03,8.159868,7.5422444,1
2024-11-04,8.025255,7.6706076,1
2024-11-05,6.129979,7.662408,1
2024-11-06,2.243928,8.492296,0
2024-11-07,7.4639916,8.281523,1
2024-11-08,7.489412,8.065641,1
2024-11-09,6.13479,5.086818,1
2024-11-10,4.7729716,8.692391,0
2024-11-11,2.1813138,8.499998,0
2024-11-12,6.3637924,9.6743765,2
2024-11-13,5.9955354,9.528138,0
2024-11-14,6.8512893,9.594271,2
2024-11-15,4.632663,8.643343,0
2024-11-16,3.8079019,4.5216923,1
2024-11-17,3.6756837,4.2190976,1
2024-11-18,7.3582973,8.588387,1
2024-11-19,7.221172,8.62013,1
2024-11-20,7.2672496,8.602605,1
2024-11-21,5.09286,8.862003,0
2024-11-22,7.360404,8.603587,1
2024-11-23,6.512219,6.375325,1
2024-11-24,7.2432303,8.119,1
2024-11-25,6.916881,9.5577,2
2024-11-26,6.688556,9.649541,2
2024-11-27,4.6088147,8.6345005,0
2024-11-28,6.457965,6.608841,1
2024-11-29,5.7034755,6.85326,1
2024-11-30,5.066626,4.107226,1
2024-12-01,5.666856,5.7767196,1
2024-12-02,7.322204,8.737224,1
2024-12-03,7.3381324,8.522005,1
2024-12-04,7.188283,8.711279,0
2024-12-05,6.299104,9.6891985,2
2024-12-06,5.0809536,8.86239,0
2024-12-07,6.4850225,6.36765,1
2024-12-08,6.196489,6.5838556,1
2024-12-09,6.804402,9.678213,2
2024-12-10,6.583945,9.695537,1
2024-12-11,4.9072285,8.773517,0
2024-12-12,7.4784627,8.651315,1
2024-12-13,7.357929,8.067439,1
2024-12-14,7.8085885,7.2965746,1
2024-12-15,5.775038,7.401383,1
2024-12-16,7.556906,9.770218,1
2024-12-17,7.5637455,8.608317,1
2024-12-18,6.828455,9.670824,2
2024-12-19,6.7120614,9.671984,2
2024-12-20,6.4237595,9.615628,0
2024-12-21,6.941863,7.7039742,1
2024-12-22,5.5488667,2.3441782,1
2024-12-23,6.8970623,8.76022,1
2024-12-24,4.05483,7.4452505,0
2024-12-25,7.0683255,6.9794745,1
2024-12-26,3.7852728,1.2137672,1
2024-12-27,6.9097257,8.5684395,1
2024-12-28,7.8291874,2.8329904,1
2024-12-29,6.0287056,1.9739081,1
2024-12-30,6.798365,8.605486,1
2024-12-31,6.982353,7.179365,1
2025-01-01,8.032346,3.0261867,1
2025-01-02,6.280206,7.804567,1
2025-01-03,7.367618,6.9388256,1
2025-01-04,8.778072,3.0306504,1
2025-01-05,8.825745,3.014577,1
2025-01-06,5.7658887,7.8165603,1
2025-01-07,3.473395,1.0701665,2
2025-01-08,6.7512164,9.021063,1
2025-01-09,6.7322373,9.082377,2
2025-01-10,6.399028,8.533867,1
2025-01-11,7.499242,1.9144695,1
2025-01-12,7.416598,1.9679215,1
2025-01-13,6.4830065,8.933591,1
2025-01-14,6.3921766,8.019058,1
2025-01-15,5.3175464,7.981613,0
2025-01-16,7.8926916,8.143557,1
2025-01-17,4.8885813,8.5806265,0
2025-01-18,7.8595963,8.092653,1
2025-01-19,7.0042653,9.462113,2
2025-01-20,6.1315417,9.620821,0
2025-01-21,4.9017806,8.757975,0
2025-01-22,7.9496264,8.506323,1
2025-01-23,6.5064507,9.682814,1
2025-01-24,7.202972,7.9802823,1
2025-01-25,7.1383924,4.871519,1
2025-01-26,6.580248,3.1851318,1
2025-01-27,6.730991,9.646375,1
2025-01-28,8.173404,7.7511153,1
2025-01-29,5.955488,7.5103893,1
2025-01-30,7.663973,6.586315,1
2025-01-31,5.789873,2.6059873,1
2025-02-01,6.6811986,3.0848334,1
2025-02-02,7.0997815,9.148844,1
2025-02-03,5.900741,9.516522,0
2025-02-04,6.953527,9.4597,2
2025-02-05,6.929382,7.6870065,1
2025-02-06,7.134058,7.4934216,1
2025-02-07,6.988702,8.455255,1
2025-02-08,7.87787,2.419747,1
2025-02-09,7.9337263,2.6189678,1
2025-02-10,7.668758,7.1203976,1
2025-02-11,8.18257,7.3745403,1
2025-02-12,6.287751,7.8329887,1
2025-02-13,8.15718,7.369774,1
2025-02-14,8.309816,7.093457,1
2025-02-15,9.205994,3.0255306,1
2025-02-16,9.505473,3.0192883,1
2025-02-17,9.083322,2.8659618,1
2025-02-18,8.182672,7.292685,1
2025-02-19,8.607707,6.9277205,1
2025-02-20,8.599287,6.869787,1
2025-02-21,7.855235,8.525305,1
2025-02-22,9.744226,3.1968484,1
2025-02-23,9.782861,3.184362,1
2025-02-24,3.424125,1.0603379,2
2025-02-25,6.5676937,9.679538,2
2025-02-26,3.2438066,1.0914642,2
2025-02-27,6.4999213,8.5678005,1
2025-02-28,6.4758744,9.420434,2
2025-03-01,1.3863868,5.295731,1
2025-03-02,1.8619324,8.286012,0
2025-03-03,1.7221698,1.227057,2
2025-03-04,1.5467826,4.2496653,0
2025-03-05,2.940699,6.6054997,0
2025-03-06,2.552338,3.5400274,2
2025-03-07,2.4527347,2.8474147,2
2025-03-08,2.5032008,3.7965126,1
2025-03-09,2.5469868,1.2346607,2
2025-03-10,3.4279819,1.3840729,2
2025-03-11,2.1756012,7.162469,0
2025-03-12,2.1541114,4.9493995,1
2025-03-13,3.2177777,1.995362,2
2025-03-14,1.972958,6.056854,0
2025-03-15,2.7841544,4.326881,1
2025-03-16,4.3904414,2.1304638,1
2025-03-17,2.0159953,5.3297133,1
2025-03-18,4.5356054,2.454007,1
2025-03-19,2.0570586,6.444169,0
2025-03-20,3.7605474,2.0449834,2
2025-03-21,5.10918,2.7280428,1
2025-03-22,5.143494,2.762698,1
2025-03-23,2.1228323,5.4863095,1
2025-03-24,2.6972597,5.2694,1
2025-03-25,4.687787,4.013905,1
2025-03-26,5.0096464,3.2856083,1
2025-03-27,5.307566,3.2773387,1
2025-03-28,4.0641394,2.2011924,1
2025-03-29,4.3756223,2.3586435,1
2025-03-30,5.24381,2.8999386,1
2025-03-31,5.28691,3.054893,1
2025-04-01,7.570654,5.261497,1
2025-04-02,3.6763325,1.1704118,2
2025-04-03,6.970766,6.9850044,1
2025-04-04,6.9083786,7.0568666,1
2025-04-05,8.198289,3.2277477,1
2025-04-06,2.7526255,1.2027335,2
2025-04-07,6.2199364,9.258148,0
2025-04-08,3.6166377,1.1961004,2
2025-04-09,2.2491133,8.4632015,0
2025-04-10,2.618944,2.763479,2
2025-04-11,3.0051496,6.736483,0
2025-04-12,3.4706457,5.6477222,1
2025-04-13,4.106129,3.5997202,1
2025-04-14,3.8855157,4.8813176,1
2025-04-15,4.232299,3.564167,1
2025-04-16,5.5806603,5.3472686,1
2025-04-17,7.436675,4.283973,1
2025-04-18,8.097888,3.5276687,1
2025-04-19,8.243922,3.8788073,1
2025-04-20,8.370645,3.820554,1
2025-04-21,5.8929057,6.965844,1
2025-04-22,3.1468706,8.154239,0
2025-04-23,6.2498813,6.310602,1
2025-04-24,5.985569,5.699186,1
2025-04-25,6.1278977,6.321315,1
2025-04-26,6.633608,4.7176027,1
2025-04-27,6.547311,4.682074,1
2025-04-28,5.8206744,6.243781,1
2025-04-29,7.296675,3.8624897,1
2025-04-30,7.307903,4.1131477,1
2025-05-01,6.016792,6.72171,1
2025-05-02,7.3519006,4.367665,1
2025-05-03,7.832226,3.6444738,1
2025-05-04,6.7499895,3.304668,1
2025-05-05,7.392324,4.3052163,1
2025-05-06,7.630964,5.867313,1
2025-05-07,7.523924,8.72238,1
2025-05-08,4.586088,8.59182,0
2025-05-09,7.7527666,8.206312,1
2025-05-10,7.746792,6.9069967,1
2025-05-11,8.281584,8.004932,1
2025-05-12,7.798247,8.418539,1
2025-05-13,7.3031883,7.9445877,1
2025-05-14,8.257172,8.001356,1
2025-05-15,8.783966,8.485365,1
2025-05-16,8.866532,7.980944,1
2025-05-17,8.965475,7.495855,1
2025-05-18,5.8120337,7.641184,1
2025-05-19,7.9464636,8.420176,1
2025-05-20,7.817406,6.4413805,1
2025-05-21,7.735994,9.865018,1
2025-05-22,7.8956575,9.87238,1
2025-05-23,7.1540046,9.454781,1
2025-05-24,8.155464,7.786824,1
2025-05-25,8.068587,7.6610637,1
2025-05-26,8.344497,7.9584303,1
2025-05-27,8.099174,8.317689,1
2025-05-28,8.294798,8.20385,1
2025-05-29,7.974845,8.563854,1
2025-05-30,7.9212265,8.648822,1
2025-05-31,8.73725,7.340434,1
2025-06-01,8.659417,7.125261,1
2025-06-02,8.763641,7.696474,1
2025-06-03,8.799101,7.7036014,1
2025-06-04,8.7211075,7.6080666,1
2025-06-05,7.676048,8.803439,1
2025-06-06,6.119489,7.7841253,1
2025-06-07,8.533289,7.195072,1
2025-06-08,8.582665,7.470228,1
2025-06-09,4.8869996,8.338141,0
2025-06-10,8.223812,8.147133,1
2025-06-11,8.178026,8.332726,1
2025-06-12,8.04211,8.503843,1
2025-06-13,7.682741,9.041657,1
2025-06-14,8.4208765,7.63691,1
2025-06-15,8.408109,7.5877404,1
2025-06-16,6.703842,7.8483233,1
2025-06-17,7.8821826,8.626481,1
2025-06-18,8.820539,7.73955,1
2025-06-19,8.788779,7.4720545,1
2025-06-20,7.9393396,8.531858,1
2025-06-21,8.477328,7.329401,1
2025-06-22,7.7996216,8.671337,1
2025-06-23,4.915659,8.460142,0
2025-06-24,8.420004,7.9559994,1
2025-06-25,8.319852,8.045951,1
2025-06-26,8.398951,7.9660993,1
2025-06-27,8.4722,7.945563,1
2025-06-28,8.8403845,7.2993298,1
2025-06-29,8.730298,7.3549776,1
2025-06-30,8.827248,7.764222,1
2025-07-01,8.801459,7.7614765,1
2025-07-02,5.727428,7.9493537,1
2025-07-03,8.827183,8.333989,1
2025-07-04,8.5848675,7.920814,1
2025-07-05,8.861371,7.305445,1
2025-07-06,8.541048,7.3221936,1
2025-07-07,8.577276,8.015673,1
2025-07-08,8.788141,8.141123,1
2025-07-09,7.887374,9.912241,1
2025-07-10,5.071699,8.815198,0
2025-07-11,7.818178,9.824146,1
2025-07-12,8.7220955,8.0968275,1
2025-07-13,8.802537,8.324191,1
2025-07-14,6.3422966,9.7010975,1
2025-07-15,7.431699,9.592045,1
2025-07-16,7.955473,9.699062,1
2025-07-17,8.047221,9.625406,1
2025-07-18,7.857877,9.467209,1
2025-07-19,8.839315,8.2158785,1
2025-07-20,8.519447,8.890586,1
2025-07-21,8.109587,9.537974,1
2025-07-22,7.8278823,9.848876,1
2025-07-23,8.108283,9.28765,1
2025-07-24,8.126878,9.420508,1
2025-07-25,7.6079903,9.635523,1
2025-07-26,8.836369,8.357937,1
2025-07-27,8.834596,8.423164,1
2025-07-28,8.158908,9.171073,1
2025-07-29,8.153561,9.465164,1
2025-07-30,8.137304,9.464903,1
2025-07-31,7.9336967,9.30565,1
2025-08-01,7.5752444,9.537298,1
2025-08-02,8.341419,8.82604,1
2025-08-03,8.742498,8.368292,1
2025-08-04,8.758323,7.3911843,1
2025-08-05,8.239115,9.013125,1
2025-08-06,8.628829,8.516422,1
2025-08-07,7.9256663,9.935802,1
2025-08-08,8.421628,8.97792,1
2025-08-09,8.631215,8.625175,1
2025-08-10,7.9295945,9.882225,1
2025-08-11,7.6908975,9.633088,1
2025-08-12,8.009144,9.730262,1
2025-08-13,7.740446,9.860317,1
2025-08-14,6.8631134,9.663747,2
2025-08-15,7.909792,9.063575,1
2025-08-16,8.438527,7.9423237,1
2025-08-17,8.511966,7.849813,1
2025-08-18,7.8242474,9.210785,1
2025-08-19,7.142828,9.406647,1
2025-08-20,6.805467,8.447257,1
2025-08-21,7.871584,8.718825,1
2025-08-22,4.986452,8.671458,0
2025-08-23,8.03842,8.480272,1
2025-08-24,7.1758823,9.290773,1
2025-08-25,6.913131,9.538225,1
2025-08-26,6.659526,8.450758,1
2025-08-27,7.031749,8.554983,1
2025-08-28,6.7117014,8.365162,1
2025-08-29,6.9766936,9.407922,2
2025-08-30,6.872506,8.169757,1
2025-08-31,6.981744,7.962951,1
2025-09-01,6.724265,8.403255,1
2025-09-02,6.682283,8.512203,1
2025-09-03,6.9025455,8.44924,1
2025-09-04,7.1157417,8.671312,1
2025-09-05,7.1003604,8.666326,1
2025-09-06,9.3405485,2.8386526,1
2025-09-07,9.11494,2.9164045,1
2025-09-08,8.650329,7.2206,1
2025-09-09,8.610153,7.505932,1
2025-09-10,6.4699817,7.9719477,1
2025-09-11,8.711469,7.4706345,1
2025-09-12,8.7808485,8.497984,1
2025-09-13,8.978126,7.386037,1
2025-09-14,9.011949,7.3123593,1
2025-09-15,8.741627,8.579022,1
2025-09-16,8.839736,8.383645,1
2025-09-17,8.48049,9.04201,1
2025-09-18,8.849781,8.405218,1
2025-09-19,8.871729,7.7062826,1
2025-09-20,9.8855,4.8169684,1
2025-09-21,10.045992,4.604743,1
2025-09-22,7.8724766,9.2548895,1
2025-09-23,8.837141,8.094689,1
2025-09-24,8.783775,8.399379,1
2025-09-25,7.212989,9.433224,1
2025-09-26,8.317344,8.495155,1
2025-09-27,9.949433,3.745231,1
2025-09-28,8.351587,6.7388167,1
2025-09-29,7.9594193,9.938441,1
2025-09-30,8.351471,8.687613,1
2025-10-01,4.9782767,8.508224,0
2025-10-02,7.932572,9.852398,1
2025-10-03,7.809068,9.851639,1
2025-10-04,8.820339,7.46399,1
2025-10-05,7.9582496,9.773727,1
2025-10-06,7.9855657,9.753757,1
2025-10-07,7.5136642,9.401555,1
2025-10-08,7.91485,9.916284,1
2025-10-09,7.8186555,9.360999,1
2025-10-10,1.5417429,1.2261229,2
2025-10-11,6.6199617,9.703789,2
2025-10-12,5.0677466,8.786332,0
2025-10-13,6.9438357,8.559586,1
2025-10-14,6.7071776,9.676255,2
2025-10-15,6.7826095,9.1333885,1
2025-10-16,6.697039,9.618715,2
2025-10-17,6.5375023,9.690368,2
2025-10-18,6.8868923,7.5544267,1
2025-10-19,6.638528,7.939081,1
2025-10-20,6.5283866,8.378439,1
2025-10-21,6.561115,9.689784,2
2025-10-22,6.8764133,8.8981905,1
2025-10-23,6.4275646,8.139267,1
2025-10-24,6.8420725,7.931155,1
2025-10-25,8.963077,2.8488286,1
2025-10-26,6.281474,7.765536,1
2025-10-27,7.1110764,8.638653,1
2025-10-28,7.099856,8.756444,1
2025-10-29,6.9824924,9.133329,1
2025-10-30,6.834035,9.041557,1
2025-10-31,6.6985426,8.308994,1
2025-11-01,8.88592,2.8024662,1
2025-11-02,8.951345,2.8320704,1
2025-11-03,6.8830833,9.337929,2
2025-11-04,6.520475,9.726773,2
2025-11-05,6.237452,8.873668,0
2025-11-06,6.6579127,9.043106,2
2025-11-07,6.2703924,8.973493,0
2025-11-08,6.8916187,7.6354346,1
2025-11-09,6.4017053,8.414968,1
2025-11-10,6.716477,8.478286,1
2025-11-11,7.0132384,9.318999,1
2025-11-12,6.917448,8.925417,1
2025-11-13,6.5503664,9.719898,2
2025-11-14,6.4848185,9.78251,2
2025-11-15,1.4419283,5.257797,1
2025-11-16,6.6575985,9.018418,1
2025-11-17,6.5052905,9.642635,2
2025-11-18,6.386857,9.354174,1
2025-11-19,6.6108313,9.322909,2
2025-11-20,6.4951506,9.758557,2
2025-11-21,6.500456,9.719552,2
2025-11-22,6.107274,0.898068,1
2025-11-23,6.1500087,8.812706,1
2025-11-24,6.180114,8.88604,1
2025-11-25,6.6154933,8.904509,1
2025-11-26,6.0821466,8.839446,0
2025-11-27,6.5727887,8.333439,1
2025-11-28,6.589732,8.633889,1
2025-11-29,6.185873,0.90640116,1
2025-11-30,6.090294,0.93808705,1
2025-12-01,6.575906,9.682953,2
2025-12-02,5.156746,8.751445,0
2025-12-03,6.309855,8.765434,0
2025-12-04,6.6485934,9.0560255,1
2025-12-05,6.652709,9.0422945,2
2025-12-06,5.823312,1.2082561,1
2025-12-07,1.7025516,5.2492294,1
2025-12-08,6.5851164,8.361624,1
2025-12-09,6.306591,8.703736,1
2025-12-10,6.956908,8.742387,1
2025-12-11,6.848854,8.588452,1
2025-12-12,6.9633694,9.299157,1
2025-12-13,7.2693334,8.555309,1
2025-12-14,7.8388515,8.581398,1
2025-12-15,7.675119,8.161198,1
2025-12-16,7.0612087,7.050606,1
2025-12-17,7.654511,8.158999,1
2025-12-18,7.5687222,8.241646,1
2025-12-19,5.949801,7.70788,1
2025-12-20,8.971773,3.559289,1
2025-12-21,8.535604,3.730528,1
2025-12-22,7.98317,7.2903275,1
2025-12-23,8.188262,7.674744,1
2025-12-24,8.849719,3.1217191,1
2025-12-25,9.041786,3.035318,1
2025-12-26,8.491713,7.591823,1
2025-12-27,9.899805,3.7689993,1
2025-12-28,9.900657,3.6950004,1
2025-12-29,8.227739,7.748147,1
2025-12-30,8.621029,6.9247823,1
2025-12-31,8.82611,7.0259647,1
2026-01-01,10.178984,4.35187,1
2026-01-02,8.758201,8.387333,1
2026-01-03,9.786879,4.9191456,1
2026-01-04,9.709761,5.0898895,1
2026-01-05,7.853699,9.862322,1
2026-01-06,8.677764,8.675495,1
2026-01-07,8.224998,8.398826,1
2026-01-08,8.603654,7.90677,1
2026-01-09,8.638117,7.805697,1
2026-01-10,9.911484,4.186137,1
2026-01-11,9.985337,4.2834954,1
2026-01-12,8.809844,8.182751,1
2026-01-13,4.882304,8.346439,0
2026-01-14,7.8953204,9.925259,1
2026-01-15,8.251875,8.379735,1
2026-01-16,8.713307,7.40898,1
2026-01-17,9.828878,4.364286,1
2026-01-18,9.32328,3.8155568,1
2026-01-19,8.492945,7.7974033,1
2026-01-20,3.4907408,1.0667546,1
2026-01-21,6.615284,8.179381,1
2026-01-22,8.4631815,7.395994,1
2026-01-23,8.330153,7.3511615,1
2026-01-24,9.391279,3.5073664,1
2026-01-25,5.972227,1.8363073,1
2026-01-26,6.49587,8.003404,1
2026-01-27,8.435251,7.1905775,1
2026-01-28,8.543918,7.424623,1
2026-01-29,3.3609357,1.0688249,2
2026-01-30,6.8162065,8.927793,1
2026-01-31,3.0817046,1.0731508,2
2026-02-01,6.537738,8.860642,2
2026-02-02,6.150986,8.903763,0
2026-02-03,3.2567163,1.1173795,2
2026-02-04,3.3171775,1.1574442,2
2026-02-05,1.4080923,1.1191891,2
2026-02-06,1.3353053,8.092185,0
2026-02-07,1.217486,3.2733243,2
2026-02-08,1.1423843,3.3477702,2
2026-02-09,1.2138505,3.2911894,2
2026-02-10,1.2276471,3.3040798,2
2026-02-11,1.1998001,3.2476795,2
2026-02-12,0.6769499,3.477955,2
2026-02-13,0.2737313,4.334633,0
2026-02-14,-0.5408499,3.941308,1
2026-02-15,-0.42050052,3.5470486,2
2026-02-16,-0.45508063,3.7035089,2
2026-02-17,-0.42063147,3.484239,2
2026-02-18,-0.43766865,3.515589,2
2026-02-19,-0.6410128,3.9469302,1
2026-02-20,-0.5698129,4.0018783,1
2026-02-21,-0.95201117,3.812033,1
2026-02-22,-0.9580053,3.8108797,1
2026-02-23,-0.24719948,3.3028386,2
2026-02-24,-0.45938537,3.5930712,2
2026-02-25,2.0512185,7.018599,0
2026-02-26,-0.38925222,3.6097372,2
2026-02-27,2.3666131,2.3648999,2
2026-02-28,0.9328965,4.594347,0
2026-03-01,2.6303625,3.3654666,2
2026-03-02,2.3419864,6.9519815,0
2026-03-03,2.8425164,4.410735,2
2026-03-04,2.3526955,8.338738,0
2026-03-05,3.391109,3.4363585,2
2026-03-06,3.2110648,2.711111,2
2026-03-07,4.3056464,3.5880482,1
2026-03-08,4.6223116,2.3303564,1
2026-03-09,3.9319746,7.1588635,0
2026-03-10,4.1754494,6.8939657,0
2026-03-11,6.5727897,6.544568,1
2026-03-12,6.605637,6.573563,1
2026-03-13,7.2954826,8.372925,1
2026-03-14,7.4708414,4.391778,1
2026-03-15,7.6336927,5.871529,1
2026-03-16,5.8958898,7.437277,1
2026-03-17,7.989951,7.854147,1
2026-03-18,3.8697891,1.2472866,1
2026-03-19,5.5670385,2.5667133,1
2026-03-20,6.925505,6.928874,1
2026-03-21,5.6561546,2.065606,1
2026-03-22,6.2746296,2.293352,1
2026-03-23,4.0983114,7.5149775,0
2026-03-24,5.0541143,3.7722855,1
2026-03-25,6.942384,6.8192873,1
2026-03-26,3.8868992,1.3040681,1
2026-03-27,3.7729738,1.2120863,2
2026-03-28,7.354599,2.0200808,1
2026-03-29,7.106854,2.0552678,1
2026-03-30,7.0072274,6.9535527,1
2026-03-31,6.3035064,7.6644564,1
2026-04-01,7.206234,7.2427926,1
2026-04-02,5.8608565,2.4000428,1
2026-04-03,9.044108,2.8232334,1
2026-04-04,9.1535015,2.7368748,1
2026-04-05,7.943173,4.8238745,1
2026-04-06,8.020414,7.2976565,1
2026-04-07,4.0983677,7.8816724,0
2026-04-08,8.114219,7.709569,1
2026-04-09,7.318185,6.6912374,1
2026-04-10,7.705181,6.6230545,1
2026-04-11,8.15375,4.54659,1
2026-04-12,5.699097,2.306478,1
2026-04-13,4.2203994,7.952304,0
2026-04-14,7.7955027,8.203159,1
2026-04-15,7.5188203,6.673074,1
2026-04-16,7.5211825,6.7785344,1
2026-04-17,5.6498666,7.535201,1
2026-04-18,6.365501,3.8240044,1
2026-04-19,5.7212286,2.4896796,1
2026-04-20,5.8158884,7.2318316,1
2026-04-21,7.6380663,6.5686784,1
2026-04-22,5.828097,7.475915,1
2026-04-23,8.257658,7.973183,1
